rank,track_artist,peak,prev,streak,streams,track_name,artist_name,duration_ms,explicit,is_local,release_date,artist_id,track_id
1,"DtMF
Bad Bunny",1,1.0,61,39131995,DtMF,Bad Bunny,237117,True,False,2025-01-05,4q3ewBCX7sLwd24euuV69X,3sK8wGT43QFpWrvNQsrQya
2,"Stateside + Zara Larsson
PinkPantheress, Zara Larsson",2,11.0,8,38913426,Stateside + Zara Larsson,"PinkPantheress, Zara Larsson",184761,False,False,2025-10-10,78rUTD7y6Cy67W1RVzYs7t,1DwscornXpj8fmOmYVlqZt
3,"Risk It All
Bruno Mars",3,,1,36569896,Risk It All,Bruno Mars,204068,False,False,2026-02-27,0du5cEVh5yTK9QJze8zA0C,5y2ijHECwFYWqcAHKTZgzD
4,"End of Beginning
Djo",1,3.0,107,31777044,End of Beginning,Djo,159245,False,False,2022-09-16,5p9HO3XC5P3BLxJs5Mtrhm,3qhlB30KknSejmIvZZLjOD
5,"Man I Need
Olivia Dean",3,5.0,28,31301570,Man I Need,Olivia Dean,184000,False,False,2025-08-15,00x1fYSGhdqScXBRpSj3DW,1qbmS6ep2hbBRaEZFpn7BX
6,"The Fate of Ophelia
Taylor Swift",1,6.0,22,29888205,The Fate of Ophelia,Taylor Swift,226073,False,False,2025-10-03,06HL4z0CvFAxyc27GXpf02,53iuhJlwXhSER5J2IYYv1W
7,"So Easy (To Fall In Love)
Olivia Dean",6,8.0,23,29678009,So Easy (To Fall In Love),Olivia Dean,169000,False,False,2025-09-26,00x1fYSGhdqScXBRpSj3DW,6sGIMrtIzQjdzNndVxe397
8,"BAILE INoLVIDABLE
Bad Bunny",2,2.0,61,29165614,BAILE INoLVIDABLE,Bad Bunny,367725,True,False,2025-01-05,4q3ewBCX7sLwd24euuV69X,2lTm559tuIvatlT1u0JYG2
9,"I Just Might
Bruno Mars",3,20.0,8,28933106,I Just Might,Bruno Mars,212973,False,False,2026-01-09,0du5cEVh5yTK9QJze8zA0C,12bYYQaLqHliSXvRIYlq8G
10,"NUEVAYoL
Bad Bunny",3,4.0,61,28499978,NUEVAYoL,Bad Bunny,183685,False,False,2025-01-05,4q3ewBCX7sLwd24euuV69X,5TFD2bmFKGhoCRbX61nXY5
11,"back to friends
sombr",1,9.0,50,27034485,back to friends,sombr,199032,False,False,2025-08-22,4G9NDjRyZFDlJKMRL8hx3S,7qjZnBKE73H4Oxkopwulqe
12,"Babydoll
Dominic Fike",12,18.0,5,26488917,Babydoll,Dominic Fike,97960,False,False,2018-10-16,6USv9qhCn6zfxlBQIYJ9qs,7yNf9YjeO5JXUE3JEBgnYc
13,"WHERE IS MY HUSBAND!
RAYE",6,12.0,24,25025673,WHERE IS MY HUSBAND!,RAYE,196795,False,False,2025-09-19,5KKpBU5eC2tJDzf0wmlRp2,55lijDD6OAjLFFUHU9tcDm
14,"Raindance (feat. Tems)
Dave, Tems",11,14.0,12,24542605,Raindance (feat. Tems),"Dave, Tems",219743,False,False,2025-10-23,6Ip8FS7vWT1uKkJSweANQK,3oTuTpF1F3A7rEC6RKsMRz
15,"Tití Me Preguntó
Bad Bunny",4,7.0,4,24477910,Tití Me Preguntó,Bad Bunny,243716,True,False,2022-05-06,4q3ewBCX7sLwd24euuV69X,1IHWl5LamUGEuP4ozKQSXZ
16,"Lush Life
Zara Larsson",7,16.0,16,23649072,Lush Life,Zara Larsson,200646,False,False,2017-03-17,1Xylc3o4UrD53lo9CvFvVg,1rIKgCH4H52lrvDcz50hS8
17,"Ordinary
Alex Warren",1,15.0,56,23230306,Ordinary,Alex Warren,186964,False,False,2024-09-26,0fTSzq9jAh4c36UVb4V7CB,2RkZ5LkEzeHGRsmDqKwmaJ
18,"Golden
HUNTR/X, EJAE, AUDREY NUNA, REI AMI, KPop Demon Hunters Cast",1,13.0,37,22704416,Golden,"HUNTR/X, EJAE, AUDREY NUNA, REI AMI, KPop Demon Hunters Cast",194607,False,False,2025-06-20,2yNNYQBChuox9A5Ka93BIn,1CPZ5BxNNd0n0nF4Orb9JS
19,"EoO
Bad Bunny",4,10.0,61,22635430,EoO,Bad Bunny,204768,True,False,2025-01-05,4q3ewBCX7sLwd24euuV69X,6J5kc12BW5HuP3d7C3vvx8
20,"Die With A Smile
Lady Gaga, Bruno Mars",1,19.0,81,20370215,Die With A Smile,"Lady Gaga, Bruno Mars",251667,False,False,2024-08-16,1HY2Jd0NmPuamShAr6KMms,2plbrEY59IikOBgBGLjaoe
21,"FEVER DREAM
Alex Warren",21,,1,20313162,FEVER DREAM,Alex Warren,153430,False,False,2026-02-26,0fTSzq9jAh4c36UVb4V7CB,7ogpGbKc4Io6NCU6ydxXwZ
22,"Die On This Hill
SIENNA SPIRO",9,17.0,12,19583021,Die On This Hill,SIENNA SPIRO,217008,False,False,2025-10-10,02gSuSAWEdWa5UOvqzjX6v,2gYTC8DsplN3RNdpdBcCOQ
23,"GO
BLACKPINK",23,,1,19179998,GO,BLACKPINK,195402,False,False,2026-02-27,41MozSoPIsD1dJM0CLPjZF,0mYa3o6tlUN5HRippmKmwH
24,"Iris
The Goo Goo Dolls",12,22.0,94,19060939,Iris,The Goo Goo Dolls,289533,False,False,1998,2sil8z5kiy4r76CRTXxBCA,6Qyc6fS4DsZjB2mRW9DsQs
25,"Homewrecker
sombr",21,21.0,4,18232386,Homewrecker,sombr,209066,False,False,2026-02-05,4G9NDjRyZFDlJKMRL8hx3S,7tICCrK3CcyRFKza7yrR0z
26,"BIRDS OF A FEATHER
Billie Eilish",1,25.0,94,18085107,BIRDS OF A FEATHER,Billie Eilish,210373,False,False,2024-05-17,6qqNVTkY8uBg9cP3Jd7DAH,6dOtVTDdiauQNBQEDOtlAB
27,"Every Breath You Take
The Police",8,26.0,114,17874535,Every Breath You Take,The Police,253920,False,False,1983-06-17,5NGO30tJxFlKixkPSgXcFE,1JSTJqkT5qHq8MDJnJbRE1
28,"Love Me Not
Ravyn Lenae",8,27.0,50,17646413,Love Me Not,Ravyn Lenae,213466,False,False,2024-08-09,5RTLRtXjbXI2lSXc6jxlAz,4WFgvKVfEhb3IUAFGrutTR
29,"I Thought I Saw Your Face Today
She & Him",14,24.0,13,17006777,I Thought I Saw Your Face Today,She & Him,170333,False,False,2008-03-18,3CIRif6ZAedT7kZSPvj2A4,0myRViRgmQ3J8izICXEAVO
30,"Manchild
Sabrina Carpenter",1,28.0,39,16507726,Manchild,Sabrina Carpenter,213645,True,False,2025-08-29,74KM79TiuVKeVCqs8QtB0B,2BwO5K8Q7EPAJSGze3AAh9
31,"VOY A LLeVARTE PA PR
Bad Bunny",8,23.0,13,16414264,VOY A LLeVARTE PA PR,Bad Bunny,156364,True,False,2025-01-05,4q3ewBCX7sLwd24euuV69X,59D4DOkspUbWyMmbAPQkxZ
32,"12 to 12
sombr",14,32.0,32,16403974,12 to 12,sombr,242903,False,False,2025-08-22,4G9NDjRyZFDlJKMRL8hx3S,05od2qm2MTSKCHxy1GBp5W
33,"Sailor Song
Gigi Perez",7,29.0,81,16293188,Sailor Song,Gigi Perez,211978,False,False,2025-04-25,1iCnM8foFssWlPRLfAbIwo,21IYMdzTrzSe191Cy5eMap
34,"Opalite
Taylor Swift",2,30.0,22,16221369,Opalite,Taylor Swift,235355,False,False,2025-10-03,06HL4z0CvFAxyc27GXpf02,3yWuTOYDztXjZxdE2cIRUa
35,"iloveitiloveitiloveit
Bella Kay",35,78.0,2,16210197,iloveitiloveitiloveit,Bella Kay,183237,True,False,2026-01-11,4Z8MrrKMBHMPa8d04Ivur8,5IMpnpD0tQVcqWlVIgtAtV
36,"Sweater Weather
The Neighbourhood",16,34.0,288,16178529,Sweater Weather,The Neighbourhood,240400,False,False,2013-04-22,77SW9BnxLY8rJ0RciFqkHh,2QjOHCTQ1Jl3zawyYOpxh6
37,"WILDFLOWER
Billie Eilish",9,31.0,94,15256615,WILDFLOWER,Billie Eilish,261466,False,False,2024-05-17,6qqNVTkY8uBg9cP3Jd7DAH,3QaPy1KgI7nu9FJEQUgn6h
38,"Creep
Radiohead",27,35.0,62,15052471,Creep,Radiohead,238640,True,False,1993-02-22,4Z8W4fKeB5YxbusRsdQVPb,70LcF31zb1H0PyJoS1Sx1r
39,"That's What I Like
Bruno Mars",6,45.0,32,14902211,That's What I Like,Bruno Mars,206693,False,False,2016-11-18,0du5cEVh5yTK9QJze8zA0C,0KKkJNfGyhkQ5aFogxQAPU
40,"LA CANCIÓN
J Balvin, Bad Bunny",11,33.0,13,14418462,LA CANCIÓN,"J Balvin, Bad Bunny",242573,False,False,2019-06-28,1vyhD5VmyZ7KMfW5gqLgo5,0fea68AdmYNygeTGI4RC18
41,"No Broke Boys
Disco Lines, Tinashe",13,39.0,36,14288536,No Broke Boys,"Disco Lines, Tinashe",163994,True,False,2025-06-06,5Kmr0b3ip8g9P2i0dLTC3Z,3cZajhyr8LmtPfHZ9296tj
42,"One Dance
Drake, Wizkid, Kyla",12,48.0,43,14191693,One Dance,"Drake, Wizkid, Kyla",173986,False,False,2016-05-06,3TVXtAsR1Inumwj472S9r4,1zi7xx7UVEFkmKfv06H8x0
43,"Beautiful Things
Benson Boone",1,40.0,111,14153921,Beautiful Things,Benson Boone,180304,False,False,2024-04-05,22wbnEMDvgVIAGdFeek6ET,3xkHsmpQCBMytMJNiDf3Ii
44,"Choosin' Texas
Ella Langley",44,46.0,9,14143729,Choosin' Texas,Ella Langley,232226,False,False,2025-10-17,6BRxQ8cD3eqnrVj6WKDok8,65DbTqJKhbwqYbZ1Okr0rc
45,"Cuando No Era Cantante - Remix
El Bogueto, Anuel AA, Fuerza Regida, Yung Beef",30,38.0,12,14113572,Cuando No Era Cantante - Remix,"El Bogueto, Anuel AA, Fuerza Regida, Yung Beef",327488,True,False,2025-12-10,3S9Hg7sRKhmtWunFZ2yAYP,2pbSCYzxrG0wa6qcj8IyiE
46,"Cha Cha Cha
Bruno Mars",46,,1,14113224,Cha Cha Cha,Bruno Mars,236559,False,False,2026-02-27,0du5cEVh5yTK9QJze8zA0C,6QletrrmpkUpeJkipX9pgf
47,"E85
Don Toliver",47,53.0,5,13967375,E85,Don Toliver,153181,True,False,2026-01-30,4Gso3d4CscCijv0lmajZWs,3B4cjvGlPvyBLNG3AzEgkZ
48,"Locked out of Heaven
Bruno Mars",18,56.0,31,13930898,Locked out of Heaven,Bruno Mars,233478,False,False,2012-12-07,0du5cEVh5yTK9QJze8zA0C,3w3y8KPTfNeOKPiqUTakBh
49,"Don’t Say You Love Me
Jin",2,42.0,42,13917142,Don’t Say You Love Me,Jin,180716,False,False,2025-05-16,5vV3bFXnN6D6N3Nj4xRvaV,27xkOIER6uDLKALIelHylZ
50,"I Wanna Be Yours
Arctic Monkeys",15,41.0,191,13643006,I Wanna Be Yours,Arctic Monkeys,183956,False,False,2013-09-09,7Ln80lUS6He07XvHI8qqHH,5XeFesFbtLpXzIVDNQP22n
51,"Mr. Brightside
The Killers",50,50.0,62,13628626,Mr. Brightside,The Killers,222973,False,False,2004,0C0XlULifJtAgn6ZNCW2eu,003vvx7Niy0yvhvHt4a68B
52,"(When You Gonna) Give It Up to Me - Radio Version
Sean Paul, Keyshia Cole",52,55.0,7,13586077,(When You Gonna) Give It Up to Me - Radio Version,"Sean Paul, Keyshia Cole",243880,False,False,2006-09-30,3Isy6kedDrgPYoTS1dazA9,5nEdwtSv0qqeE0l4o1lR4q
53,"One Of The Girls (with JENNIE, Lily Rose Depp)
The Weeknd, JENNIE, Lily-Rose Depp",3,43.0,126,13352698,"One Of The Girls (with JENNIE, Lily Rose Depp)","The Weeknd, JENNIE, Lily-Rose Depp",244684,False,False,2023-06-23,1Xyo4u8uXC1ZmMpatF05PJ,7CyPwkp0oE8Ro9Dd5CUDjW
54,"Yellow
Coldplay",19,47.0,270,13323933,Yellow,Coldplay,266773,False,False,2000-07-10,4gzpq5DPGxSnKTe4SA8HAU,3AJwUDP919kvQ9QcozQPxg
55,"God Was Showing Off
Bruno Mars",55,,1,13189931,God Was Showing Off,Bruno Mars,211063,False,False,2026-02-27,0du5cEVh5yTK9QJze8zA0C,1sVBT215CDmVJvfy1E2OCU
56,"Qué Pasaría...
Rauw Alejandro, Bad Bunny",17,36.0,5,13152234,Qué Pasaría...,"Rauw Alejandro, Bad Bunny",191018,True,False,2024-11-15,1mcTU81TzQhprhouKaTkpq,0l0vcZMU7AOeQmUIREoI2U
57,"Cuando No Era Cantante
El Bogueto, Yung Beef",18,51.0,20,13125639,Cuando No Era Cantante,"El Bogueto, Yung Beef",327488,True,False,2025-12-10,3S9Hg7sRKhmtWunFZ2yAYP,2pbSCYzxrG0wa6qcj8IyiE
58,"Espresso
Sabrina Carpenter",1,44.0,99,13085654,Espresso,Sabrina Carpenter,175459,True,False,2024-08-23,74KM79TiuVKeVCqs8QtB0B,2HRqTpkrJO5ggZyyK6NPWz
59,"Gabriela
KATSEYE",10,37.0,37,13084946,Gabriela,KATSEYE,197226,False,False,2025-06-20,3c0gDdb9lhnHGFtP4prQpn,1xOqGUkyxGQRdCvGpvWKmL
60,"Dreams - 2004 Remaster
Fleetwood Mac",20,62.0,54,12938199,Dreams - 2004 Remaster,Fleetwood Mac,257800,False,False,1977-02-04,08GQAI4eElDnROBrJRGE0X,0ofHAoxe9vBkTCp2UQIavz
61,"Who
Jimin",1,59.0,85,12716099,Who,Jimin,170887,False,False,2024-07-19,1oSPZhvZMIrWW5I41kPkkY,7tI8dRuH2Yc6RuoTjxo4dU
62,"dopamina
Peso Pluma, Tito Double P",13,58.0,10,12605852,dopamina,"Peso Pluma, Tito Double P",185326,True,False,2025-12-25,12GqGscKJx3aE4t07u7eVZ,3e32UUqXzrI4g2y5kNZrwC
63,"JUMP
BLACKPINK",1,,1,12463397,JUMP,BLACKPINK,164718,False,False,2025-07-11,41MozSoPIsD1dJM0CLPjZF,5H1sKFMzDeMtXwND3V6hRY
64,"Starboy
The Weeknd, Daft Punk",1,61.0,197,12423058,Starboy,"The Weeknd, Daft Punk",230453,True,False,2016-11-25,1Xyo4u8uXC1ZmMpatF05PJ,7MXVkk9YMctZqd1Srtv4MB
65,"Sparks
Coldplay",30,54.0,40,12292423,Sparks,Coldplay,227093,False,False,2000-07-10,4gzpq5DPGxSnKTe4SA8HAU,7D0RhFcb3CrfPuTJ0obrod
66,"LA VILLA
Ryan Castro, Kapo, Gangsta",47,52.0,8,12264278,LA VILLA,"Ryan Castro, Kapo, Gangsta",192111,True,False,2025-10-23,7j6DKwmjbxvpQO8h914uEz,2ZyrAym0sRLwt4PhGotHuI
67,"As It Was
Harry Styles",1,81.0,10,12147204,As It Was,Harry Styles,167303,False,False,2022-05-20,6KImCVD70vtIoJWnq6nGn3,4Dvkj6JhhA12EX05fT7y2e
68,"APT.
ROSÉ, Bruno Mars",1,63.0,72,12123491,APT.,"ROSÉ, Bruno Mars",169917,False,False,2024-10-18,3eVa5w3URK5duf6eyVDbu9,5vNRhkKd0yEAg8suGBpjeY
69,"White Keys
Dominic Fike",69,178.0,2,12031641,White Keys,Dominic Fike,144101,False,False,2025-11-14,6USv9qhCn6zfxlBQIYJ9qs,5ViLKrbyL3HD6wsq3AB9eI
70,"VeLDÁ
Bad Bunny, Omar Courtz, Dei V",9,49.0,8,12023336,VeLDÁ,"Bad Bunny, Omar Courtz, Dei V",235336,True,False,2025-01-05,4q3ewBCX7sLwd24euuV69X,7d6yK8v8J484SWH5prIQiE
71,"Lose Control
Teddy Swims",5,64.0,121,11961040,Lose Control,Teddy Swims,210688,False,False,2023-09-15,33qOK5uJ8AR2xuQQAhHump,17phhZDn6oGtzMe56NuWvj
72,"Feel Good Inc.
Gorillaz, De La Soul",46,82.0,31,11811702,Feel Good Inc.,"Gorillaz, De La Soul",222640,False,False,2005-05-23,3AA28KZvwAUcZuOKwyblJQ,0d28khcov6AiegSCpG5TuT
73,"All The Stars (with SZA) - From ""Black Panther: The Album""
Kendrick Lamar, SZA",2,65.0,67,11794881,"All The Stars (with SZA) - From ""Black Panther: The Album""","Kendrick Lamar, SZA",232186,True,False,2018-02-09,2YZyLoL8N0Wb9xBt1NhZWg,3GCdLUSnKSMJhs4Tj6CV3s
74,"Riptide
Vance Joy",30,72.0,166,11727269,Riptide,Vance Joy,204280,False,False,2014-08-05,10exVja0key0uqUkk6LJRT,2uXlHCUbq9OMUwx3hrk06o
75,"505
Arctic Monkeys",43,68.0,114,11632654,505,Arctic Monkeys,253586,False,False,2007-04-24,7Ln80lUS6He07XvHI8qqHH,58ge6dfP91o9oXMzq3XkIS
76,"Who Knows
Daniel Caesar",58,60.0,15,11563110,Who Knows,Daniel Caesar,226283,False,False,2025-10-24,20wkVLutqVOYrc0kxFs7rA,6DH13QYXK7lKkYHSU88N48
77,"undressed
sombr",6,75.0,49,11497773,undressed,sombr,182088,False,False,2025-08-22,4G9NDjRyZFDlJKMRL8hx3S,0TFTAtCYhp2tQ9KcJIZb55
78,"Why You Wanna Fight?
Bruno Mars",78,,1,11492627,Why You Wanna Fight?,Bruno Mars,254360,False,False,2026-02-27,0du5cEVh5yTK9QJze8zA0C,3Ac4AjYkqsvop2ydbSAhTX
79,"Fame is a Gun
Addison Rae",56,74.0,10,11438050,Fame is a Gun,Addison Rae,183237,False,False,2025-06-06,4gvjmrtzydbMpyJaXUtwvP,7B3BwNecBhKvNwSMOOl7Gk
80,"Ya Borracho
Herencia De Grandes",66,69.0,15,11367657,Ya Borracho,Herencia De Grandes,158074,False,False,2025-11-07,0ocHleb3SllGNQQcDH35Xz,4NyUIohBa3CEMGcXURYSOh
81,"In the End
Linkin Park",22,121.0,50,11366387,In the End,Linkin Park,216880,False,False,2000-10-24,6XyY86QOPPrYVGvF9ch6wz,60a0Rd6pjrkxjPbaKzXjfq
82,"Seven (feat. Latto) (Explicit Ver.)
Jung Kook, Latto",1,71.0,138,11360421,Seven (feat. Latto) (Explicit Ver.),"Jung Kook, Latto",183550,True,False,2023-11-03,6HaGTQPmzraVmaVxvz6EUc,2HRgqmZQC0MC7GeNuDIXHN
83,"Dance With Me
Bruno Mars",83,,1,11345856,Dance With Me,Bruno Mars,219287,False,False,2026-02-27,0du5cEVh5yTK9QJze8zA0C,1myZ6GQewhAzMH2dKtKSWK
84,"Billie Jean
Michael Jackson",48,95.0,32,11275762,Billie Jean,Michael Jackson,293802,False,False,1982-11-30,3fMbdgg4jU18AjLCKBhRSm,7J1uxwnxfQLu4APicE5Rnj
85,"kota ini tak sama tanpamu
Nadhif Basalamah",48,67.0,9,11254940,kota ini tak sama tanpamu,Nadhif Basalamah,279649,False,False,2025-06-20,6UgERnTHmjk3qXM9x5vzyO,13CwOTXUgBugeBByE9oIWb
86,"The Night We Met
Lord Huron",15,98.0,138,11131031,The Night We Met,Lord Huron,208226,False,False,2015-04-07,6ltzsmQQbmdoHHbLZ4ZN25,5yJaXWIErrrsjQ3J0eR5aK
87,"daño
Peso Pluma, Tito Double P",32,102.0,10,11125907,daño,"Peso Pluma, Tito Double P",197007,True,False,2025-12-25,12GqGscKJx3aE4t07u7eVZ,136BeIIoBGrrU9fI1jbcDR
88,"Just the Way You Are
Bruno Mars",34,89.0,10,11104954,Just the Way You Are,Bruno Mars,220734,False,False,2010-05-11,0du5cEVh5yTK9QJze8zA0C,7BqBn9nzAq8spo5e7cZ0dJ
89,"Pvta Luna
Neton Vega",61,88.0,16,11087297,Pvta Luna,Neton Vega,198058,False,False,2025-09-26,6pV5zH2LzjOUHaAvENdMMa,33MeEaRCeIQMSRyFTr5ZJU
90,"That’s So True
Gracie Abrams",3,79.0,72,11028253,That’s So True,Gracie Abrams,166300,True,False,2024-10-18,4tuJ0bMpJh08umKkEXKUI5,7ne4VBA60CxGM75vw0EYad
91,"La Plena - W Sound 05
W Sound, Beéle, Ovy On The Drums",5,87.0,53,10974470,La Plena - W Sound 05,"W Sound, Beéle, Ovy On The Drums",150001,True,False,2025-02-19,5uwa6tAMMfNbBFIHiI6NV4,6iOndD4OFo7GkaDypWQIou
92,"No One Noticed
The Marías",37,66.0,62,10941851,No One Noticed,The Marías,236906,False,False,2024-05-31,2sSGPbdZJkaSE2AbcGOACx,3siwsiaEoU4Kuuc9WKMUy5
93,"Champion
BLACKPINK",93,,1,10936765,Champion,BLACKPINK,172992,False,False,2026-02-27,41MozSoPIsD1dJM0CLPjZF,3oraRy91vke1aof4tIrQfr
94,"7-3
Peso Pluma, Tito Double P",42,97.0,10,10893482,7-3,"Peso Pluma, Tito Double P",189102,True,False,2025-12-25,12GqGscKJx3aE4t07u7eVZ,4lzo6zPM2paqyP8oBp3DOs
95,"Body
Don Toliver",34,83.0,5,10848483,Body,Don Toliver,155753,True,False,2026-01-30,4Gso3d4CscCijv0lmajZWs,0FlcmZ13DGRmscCroro9GO
96,"Todo Lo Fue
Lenin Ramírez",85,85.0,6,10798503,Todo Lo Fue,Lenin Ramírez,192064,False,False,2024-05-24,3hTffafUYLLgO4yuPAxb5U,0Sa8aRfGckW0qUGLrBwoBG
97,"Timeless (feat Playboi Carti)
The Weeknd, Playboi Carti",3,84.0,75,10778352,Timeless (feat Playboi Carti),"The Weeknd, Playboi Carti",256000,True,False,2025-01-31,1Xyo4u8uXC1ZmMpatF05PJ,0FIDCNYYjNvPVimz5icugS
98,"Viva La Vida
Coldplay",31,103.0,184,10775710,Viva La Vida,Coldplay,242373,False,False,2008-06-06,4gzpq5DPGxSnKTe4SA8HAU,1mea3bSkSGXuIRvnydlB5b
99,"What You Saying
Lil Uzi Vert",38,70.0,9,10766325,What You Saying,Lil Uzi Vert,131729,False,False,2025-12-22,4O15NlyKLIASxsJ0PrXPfz,7cjoZVmWe2xsGR4wcXiV2v
100,"On My Soul
Bruno Mars",100,,1,10766096,On My Soul,Bruno Mars,174676,False,False,2026-02-27,0du5cEVh5yTK9QJze8zA0C,4i4BVY2JiH4mDSLIBdNGKD
101,"Bring Me To Life
Evanescence",90,90.0,48,10745555,Bring Me To Life,Evanescence,235893,False,False,2003-03-04,5nGIFgo0shDenQYSE0Sn7c,0COqiPhxzoWICwFCS4eZcp
102,"When I Was Your Man
Bruno Mars",38,86.0,10,10738859,When I Was Your Man,Bruno Mars,213826,False,False,2012-12-07,0du5cEVh5yTK9QJze8zA0C,0nJW01T7XtvILxQgC5J7Wh
103,"We Are The People
Empire Of The Sun",94,120.0,10,10737620,We Are The People,Empire Of The Sun,267373,False,False,2008-10-03,67hb7towEyKvt5Z8Bx306c,3zEN0ii6s4DHHBpnTp3RP7
104,"Danza Kuduro
Don Omar, Lucenzo",80,117.0,12,10691801,Danza Kuduro,"Don Omar, Lucenzo",198773,False,False,2010-01-01,33ScadVnbm2X8kkUqOkC6Z,2a1o6ZejUi8U3wzzOtCOYw
105,"Marlboro Rojo
Fuerza Regida",20,112.0,43,10648295,Marlboro Rojo,Fuerza Regida,184173,True,False,2025-05-02,0ys2OFYzWYB5hRDLCsBqxt,3hpm0fTeSqlhJbnqAgaLZs
106,"The Less I Know The Better
Tame Impala",87,94.0,22,10643747,The Less I Know The Better,Tame Impala,216320,True,False,2015-07-17,5INjqkS1o8h1imAzPqGZBb,6K4t31amVTZDgR3sKmwUJJ
107,"Nice To Each Other
Olivia Dean",53,96.0,10,10604359,Nice To Each Other,Olivia Dean,209000,False,False,2025-05-30,00x1fYSGhdqScXBRpSj3DW,7gKxCvTDWwV9wBhdeBbr3l
108,"Good Luck, Babe!
Chappell Roan",6,91.0,99,10578030,"Good Luck, Babe!",Chappell Roan,218423,False,False,2024-04-05,7GlBOeep6PqTfFi59PTUUN,0WbMK4wrZ1wFSty9F7FCgu
109,"no tiene sentido
Beéle",18,107.0,10,10498826,no tiene sentido,Beéle,158036,False,False,2025-05-15,7a0XAaPaK2aDSqa8p3QnC7,1HEwEN64NjgTaHmo7LfkX8
110,"Bahagia Lagi
Piche Kota",105,108.0,5,10462273,Bahagia Lagi,Piche Kota,227415,False,False,2025-10-23,5zAYPlhV1TirCul0R4NKGM,5tZaKZPJtiHh6teQfVEHB5
111,"A Couple Minutes
Olivia Dean",76,76.0,10,10455444,A Couple Minutes,Olivia Dean,212000,False,False,2025-09-26,00x1fYSGhdqScXBRpSj3DW,312z6PZ8wwREck8613PkJk
112,"Shape of You
Ed Sheeran",1,110.0,57,10451716,Shape of You,Ed Sheeran,233712,False,False,2017-03-03,6eUKZXaKkcviH0Ku9w2n3V,7qiZfU4dY1lWllzX7mPBI3
113,"Let Me Love You
DJ Snake, Justin Bieber",4,80.0,23,10448256,Let Me Love You,"DJ Snake, Justin Bieber",205946,False,False,2016-08-05,540vIaP2JwjQb9dm3aArA4,0lYBSQXN6rCTvUZvg9S0lU
114,"The Man Who Can't Be Moved
The Script",106,115.0,9,10438200,The Man Who Can't Be Moved,The Script,241373,False,False,2008-07-14,3AQRLZ9PuTAozP28Skbq8V,3nqqDo8CcCLke3ZoTgiOKf
115,"Aperture
Harry Styles",2,130.0,6,10416107,Aperture,Harry Styles,311733,False,False,2026-01-22,6KImCVD70vtIoJWnq6nGn3,45Z3m6yazmAi4jZuW0tzW0
116,"Midnight Sun
Zara Larsson",116,116.0,7,10406154,Midnight Sun,Zara Larsson,189898,False,False,2025-09-25,1Xylc3o4UrD53lo9CvFvVg,1qRV1dKLOfH1s00b9J2LUQ
117,"Cinnamon Girl
Lana Del Rey",86,92.0,9,10399475,Cinnamon Girl,Lana Del Rey,300683,False,False,2019-08-30,00FQb4jTyendYWaN8pK0wa,2mdEsXPu8ZmkHRRtAdC09e
118,"CHANEL
Tyla",9,73.0,16,10354956,CHANEL,Tyla,188059,True,False,2025-10-24,3SozjO3Lat463tQICI9LcE,4VxTzYm00mg82MuoT35Ja7
119,"Blinding Lights
The Weeknd",1,99.0,327,10291828,Blinding Lights,The Weeknd,200040,False,False,2020-03-20,1Xyo4u8uXC1ZmMpatF05PJ,0VjIjW4GlUZAMYd2vXMi3b
120,"Dracula
Tame Impala",35,197.0,2,10220481,Dracula,Tame Impala,205308,True,False,2025-10-17,5INjqkS1o8h1imAzPqGZBb,1NXbNEAcPvY5G1xvfN57aA
121,"COQUETA
Fuerza Regida, Grupo Frontera",88,100.0,7,10178837,COQUETA,"Fuerza Regida, Grupo Frontera",241648,False,False,2024-12-19,0ys2OFYzWYB5hRDLCsBqxt,1PREzVLuDT6PSE9sej4wnV
122,"Smells Like Teen Spirit
Nirvana",103,114.0,10,10163426,Smells Like Teen Spirit,Nirvana,301920,False,False,1991-09-26,6olE6TJLqED3rqDCT0FyPh,5ghIJDpPoe3CfHMGu71E6T
123,"Dracula - JENNIE Remix
Tame Impala, JENNIE",123,144.0,2,10106948,Dracula - JENNIE Remix,"Tame Impala, JENNIE",209720,True,False,2026-02-06,5INjqkS1o8h1imAzPqGZBb,5yvVYFDUpbnjcnRBgjwTzM
124,"Si Antes Te Hubiera Conocido
KAROL G",5,106.0,12,9995970,Si Antes Te Hubiera Conocido,KAROL G,195824,False,False,2025-06-20,790FomKkXshlbRYZFtlgla,73scB4Q4fcOmnsBVZPmk32
125,"Give Me Everything (feat. Nayer)
Pitbull, AFROJACK, Ne-Yo, Nayer",72,128.0,10,9991560,Give Me Everything (feat. Nayer),"Pitbull, AFROJACK, Ne-Yo, Nayer",252306,False,False,2011-06-17,0TnOYISbd1XYRBk9myaseg,4QNpBfC0zvjKqPJcyqBy9W
126,"See You Again (feat. Kali Uchis)
Tyler, The Creator, Kali Uchis",16,193.0,2,9935496,See You Again (feat. Kali Uchis),"Tyler, The Creator, Kali Uchis",180386,True,False,2017-07-21,4V8LLVI7PbaPR0K2TGSxFF,7KA4W4McWYRpgf0fWsJZWB
127,"luther (with sza)
Kendrick Lamar, SZA",2,105.0,67,9906102,luther (with sza),"Kendrick Lamar, SZA",177598,False,False,2024-11-21,2YZyLoL8N0Wb9xBt1NhZWg,2CGNAOSuO1MEFCbBRgUzjd
128,"No Pole
Don Toliver",72,131.0,26,9827953,No Pole,Don Toliver,187613,True,False,2023-02-28,4Gso3d4CscCijv0lmajZWs,0eaVIYo2zeOaGJeqZ5TwYz
129,"DAISIES
Justin Bieber",2,104.0,34,9788390,DAISIES,Justin Bieber,176453,False,False,2025-07-11,1uNFoZAHBGtllmzznpCI3s,5BZsQlgw21vDOAjoqkNgKb
130,"Hips Don't Lie (feat. Wyclef Jean)
Shakira, Wyclef Jean",82,143.0,4,9778909,Hips Don't Lie (feat. Wyclef Jean),"Shakira, Wyclef Jean",220360,False,False,2005-11-28,0EmeFodog0BfCgMzAIvKQp,3d0WouFnFmr0K3kjeza3fF
131,"Somewhere Only We Know
Keane",71,113.0,62,9757710,Somewhere Only We Know,Keane,236160,False,False,2004-01-01,53A0W3U0s8diEn9RhXQhVz,0ll8uFnc0nANY35E0Lfxvg
132,"Only Girl (In The World)
Rihanna",99,138.0,10,9753528,Only Girl (In The World),Rihanna,235493,False,False,2010-01-01,5pKCCKE2ajJHZ9KAiaK11H,2ENexcMEMsYk0rVJigVD3i
133,"Don't Stop The Music
Rihanna",133,135.0,10,9729712,Don't Stop The Music,Rihanna,267080,False,False,2007-01-01,5pKCCKE2ajJHZ9KAiaK11H,1Jo0Zg7XlrA6z0mFTZVdkn
134,"FOREVER TU GANTEL
Omar Courtz, Ñengo Flow",134,174.0,2,9668105,FOREVER TU GANTEL,"Omar Courtz, Ñengo Flow",226533,True,False,2026-02-19,3E12tRURRvPfHz0hAMCFYc,1YAWMfsmduIrpqrjP45pFn
135,"Folded
Kehlani",62,111.0,31,9647055,Folded,Kehlani,238120,False,False,2025-06-11,0cGUm45nv7Z6M6qdXYQGTX,0bxPRWprUVpQK0UFcddkrA
136,"Without Me
Eminem",31,137.0,10,9643099,Without Me,Eminem,290320,True,False,2002-05-26,7dGJo4pcD2V6oG8kP0tJRR,7lQ8MOhq6IN2w8EYcFNSUk
137,"Counting Stars
OneRepublic",86,129.0,10,9629839,Counting Stars,OneRepublic,257265,False,False,2013-01-01,5Pwc4xIPtQLFEnJriah9YJ,2tpWsVSb9UEmDRxAl1zhX1
138,"Africa
TOTO",95,142.0,10,9628035,Africa,TOTO,295282,False,False,1982-04-08,0PFtn5NtBbbUNbU9EAmIWF,2374M0fQpWi3dLnB54qaLX
139,"Numb
Linkin Park",24,,1,9614554,Numb,Linkin Park,187520,False,False,2003-03-25,6XyY86QOPPrYVGvF9ch6wz,2nLtzopw4rPReszdYBJU6h
140,"KLOuFRENS
Bad Bunny",19,77.0,5,9606979,KLOuFRENS,Bad Bunny,199114,True,False,2025-01-05,4q3ewBCX7sLwd24euuV69X,4MUrUT38U98olfnyzMBCzm
141,"Me Rehúso
Danny Ocean",20,136.0,4,9591414,Me Rehúso,Danny Ocean,205714,False,False,2019-03-22,5H1nN1SzW0qNeUEZvuXjAj,6ifUES3keWjwXgae8pXI3o
142,"Young And Beautiful
Lana Del Rey",104,127.0,10,9517933,Young And Beautiful,Lana Del Rey,236053,False,False,2013-01-01,00FQb4jTyendYWaN8pK0wa,2nMeu6UenVvwUktBCpLMK9
143,"Perfect
Ed Sheeran",4,126.0,58,9493737,Perfect,Ed Sheeran,263400,False,False,2017-03-03,6eUKZXaKkcviH0Ku9w2n3V,0tgVpDi06FyKpA1z0VMD4v
144,"From The Start
Laufey",97,123.0,10,9475684,From The Start,Laufey,169573,False,False,2023-09-08,7gW0r5CkdEUMm42w9XpyZO,43iIQbw5hx986dUEZbr3eN
145,"Sedia Aku Sebelum Hujan
Idgitaf",24,101.0,14,9473328,Sedia Aku Sebelum Hujan,Idgitaf,230130,False,False,2025-10-08,7pFWMC2E7h8eL3SZyHRsRq,64qfw9JZl3RYCrq4Mn0WvT
146,"Can't Hold Us (feat. Ray Dalton)
Macklemore, Ryan Lewis, Macklemore & Ryan Lewis, Ray Dalton",86,159.0,3,9423791,Can't Hold Us (feat. Ray Dalton),"Macklemore, Ryan Lewis, Macklemore & Ryan Lewis, Ray Dalton",258431,False,False,2012-10-09,3JhNCzhSMTxs9WLGJJxWOY,22skzmqfdWrjJylampe0kt
147,"4 Raws
EsDeeKid",32,118.0,12,9402337,4 Raws,EsDeeKid,146666,True,False,2025-06-20,0EyhkwP3UnwGFBy6xwKjSy,554qQSs9lpRVq6TlaaiIKT
148,"Let Down
Radiohead",55,122.0,40,9388181,Let Down,Radiohead,299560,False,False,1997-05-28,4Z8W4fKeB5YxbusRsdQVPb,2fuYa3Lx06QQJAm0MjztKr
149,"Apocalypse
Cigarettes After Sex",53,119.0,138,9386099,Apocalypse,Cigarettes After Sex,290146,False,False,2017-06-09,1QAJqy2dA3ihHBFIHRphZj,1oAwsWBovWRIp7qLMGPIet
150,"like JENNIE
JENNIE",6,133.0,52,9361515,like JENNIE,JENNIE,123517,True,False,2025-03-07,250b0Wlc5Vk0CoUsaCY84M,0fK7ie6XwGxQTIkpFoWkd1
151,"We Found Love
Rihanna, Calvin Harris",59,164.0,3,9334027,We Found Love,"Rihanna, Calvin Harris",215226,False,False,2011-11-18,5pKCCKE2ajJHZ9KAiaK11H,6qn9YLKt13AGvpq9jfO8py
152,"Rein Me In (with Olivia Dean)
Sam Fender, Olivia Dean",152,,1,9320136,Rein Me In (with Olivia Dean),"Sam Fender, Olivia Dean",339410,True,False,2025-06-20,6zlR5ttMfMNmwf2lecU9Cc,7MZHqgTVTnN6xZGYAcEEAf
153,"Have You Ever Seen The Rain
Creedence Clearwater Revival",75,166.0,3,9296874,Have You Ever Seen The Rain,Creedence Clearwater Revival,160133,False,False,1970-12-07,3IYUhFvPQItj6xySrBmZkd,2LawezPeJhN4AWuSB0GtAU
154,"Me and my
BLACKPINK",154,,1,9264489,Me and my,BLACKPINK,172323,True,False,2026-02-27,41MozSoPIsD1dJM0CLPjZF,5MXcM263QvCTWriH3nVusc
155,"Sorry
Justin Bieber",65,124.0,10,9260859,Sorry,Justin Bieber,200786,False,False,2015-11-13,1uNFoZAHBGtllmzznpCI3s,09CtPGIpYB4BrO8qb1RGsF
156,"It Will Rain
Bruno Mars",57,148.0,8,9231016,It Will Rain,Bruno Mars,257720,False,False,2011-11-04,0du5cEVh5yTK9QJze8zA0C,0RUGuh2uSNFJpGMSsD1F5C
157,"Kiss It Better
Rihanna",157,,1,9225754,Kiss It Better,Rihanna,253080,True,False,2016-01-28,5pKCCKE2ajJHZ9KAiaK11H,0UHB9METy4VCXNgkcGqHqS
158,"Another Love
Tom Odell",15,151.0,256,9205850,Another Love,Tom Odell,244360,True,False,2013-06-24,2txHhyCwHjUEpJjWrEyqyX,3JvKfv6T31zO0ini8iNItO
159,"chiclona
Peso Pluma, Tito Double P, LENCHO",159,,1,9179016,chiclona,"Peso Pluma, Tito Double P, LENCHO",161620,True,False,2026-02-26,12GqGscKJx3aE4t07u7eVZ,5Q4HTsEGKanxOwL1nYCnhQ
160,"Sweet Child O' Mine
Guns N' Roses",101,153.0,3,9149302,Sweet Child O' Mine,Guns N' Roses,356066,False,False,1987-07-21,3qm84nBOXUEQ2vnTfUTTFC,7snQQk1zcKl8gZ92AnueZW
161,"Closer
The Chainsmokers, Halsey",2,155.0,9,9116116,Closer,"The Chainsmokers, Halsey",244960,False,False,2016-07-29,69GGBxA162lTqCwzJG5jLp,7BKLCZ1jbUBVqRi2FVlTVw
162,"Everybody Wants To Rule The World
Tears For Fears",51,169.0,24,9105447,Everybody Wants To Rule The World,Tears For Fears,251488,False,False,1985-02-25,4bthk9UfsYUYdcFyqxmSUU,4RvWPyQ5RL0ao9LPZeSouE
163,"The Chain - 2004 Remaster
Fleetwood Mac",119,157.0,10,9099682,The Chain - 2004 Remaster,Fleetwood Mac,270213,False,False,1977-02-04,08GQAI4eElDnROBrJRGE0X,5e9TFTbltYBg2xThimr0rU
164,"Photograph
Ed Sheeran",41,139.0,9,9083131,Photograph,Ed Sheeran,258986,False,False,2013,6eUKZXaKkcviH0Ku9w2n3V,6fxVffaTuwjgEk5h9QyRjy
165,"Just Keep Watching (From F1® The Movie)
Tate McRae, F1 The Album",10,141.0,9,9073409,Just Keep Watching (From F1® The Movie),"Tate McRae, F1 The Album",142550,False,False,2025-05-30,45dkTj5sMRSjrmBSBeiHym,2yWlGEgEfPot0lv3OAjuG3
166,"Posso Até Não Te Dar Flores
DJ Japa NK, MC Meno K, MC Ryan SP, Mc Jacaré, DJ DAVI DOGDOG",11,134.0,20,9050005,Posso Até Não Te Dar Flores,"DJ Japa NK, MC Meno K, MC Ryan SP, Mc Jacaré, DJ DAVI DOGDOG",162461,True,False,2025-09-11,1bpnl8qbR9GxmiNlkEufW6,4tYCyoSpv0Ujpfwcneb02l
167,"Promiscuous
Nelly Furtado, Timbaland",140,173.0,3,9030960,Promiscuous,"Nelly Furtado, Timbaland",242293,False,False,2006-01-01,2jw70GZXlAI8QzWeY2bgRc,2gam98EZKrF9XuOkU13ApN
168,"Poker Face
Lady Gaga",37,162.0,10,9028282,Poker Face,Lady Gaga,237200,True,False,2008-01-01,1HY2Jd0NmPuamShAr6KMms,5R8dQOPq8haW94K7mgERlO
169,"MONACO
Bad Bunny",1,93.0,4,9017111,MONACO,Bad Bunny,267194,True,False,2023-10-13,4q3ewBCX7sLwd24euuV69X,4MjDJD8cW7iVeWInc2Bdyj
170,"Unforgettable
French Montana, Swae Lee",3,,1,8957131,Unforgettable,"French Montana, Swae Lee",233901,True,False,2017-07-14,6vXTefBL93Dj5IqAWq6OTv,3B54sVLJ402zGa6Xm4YGNe
171,"Gangsta's Paradise
Coolio, L.V.",40,184.0,3,8939608,Gangsta's Paradise,"Coolio, L.V.",240693,False,False,1995-11-07,3y24n3XhZ96wgwRXjvS17T,1DIXPcTDzTj8ZMHt3PDt8p
172,"Love On The Brain
Rihanna",68,147.0,8,8937524,Love On The Brain,Rihanna,224000,True,False,2016-01-28,5pKCCKE2ajJHZ9KAiaK11H,5oO3drDxtziYU2H1X23ZIp
173,"we can't be friends (wait for your love)
Ariana Grande",1,132.0,104,8937467,we can't be friends (wait for your love),Ariana Grande,228639,False,False,2024-03-08,66CXWjxzNUsdJxJ2JdwvnR,51ZQ1vr10ffzbwIjDCwqm4
174,"Something Serious
Bruno Mars",174,,1,8935696,Something Serious,Bruno Mars,166458,False,False,2026-02-27,0du5cEVh5yTK9QJze8zA0C,0PV4VQCmE6Ujssr1bnswdF
175,"Summertime Sadness
Lana Del Rey",83,170.0,9,8933832,Summertime Sadness,Lana Del Rey,264773,False,False,2012-01-01,00FQb4jTyendYWaN8pK0wa,1Ist6PR2BZR3n2z2Y5R6S1
176,"Style
Taylor Swift",24,188.0,6,8891934,Style,Taylor Swift,231000,False,False,2014-10-27,06HL4z0CvFAxyc27GXpf02,4lIxdJw6W3Fg4vUIYCB0S5
177,"Stressed Out
Twenty One Pilots",63,,1,8850903,Stressed Out,Twenty One Pilots,202333,False,False,2015-05-15,3YQKmKGau1PzlVlkL1iodx,3CRDbSIZ4r5MsZ0YwxuEkn
178,"Shut up My Moms Calling
Hotel Ugly",78,165.0,3,8848528,Shut up My Moms Calling,Hotel Ugly,164571,False,False,2020-02-10,35WVTyRnKAoaGExqgktVyb,3hxIUxnT27p5WcmjGUXNwx
179,"Somewhere I Belong
Linkin Park",138,145.0,2,8847600,Somewhere I Belong,Linkin Park,213933,False,False,2003-03-25,6XyY86QOPPrYVGvF9ch6wz,3agtg0x11wPvLIWkYR39nZ
180,"Sports car
Tate McRae",16,154.0,10,8776184,Sports car,Tate McRae,165045,False,False,2025-02-20,45dkTj5sMRSjrmBSBeiHym,5UJbgR4XF4y1DvbkxEqe8S
181,"Boys Don't Cry
The Cure",143,168.0,7,8731852,Boys Don't Cry,The Cure,157533,False,False,1979-05-11,7bu3H8JO7d0UbMoVzbo70s,4dneV7C1yDt9UtyxrQY375
182,"Payphone
Maroon 5, Wiz Khalifa",70,152.0,10,8710170,Payphone,"Maroon 5, Wiz Khalifa",231386,True,False,2012-01-01,04gDigrS5kc9YWfZHwBETP,4P0osvTXoSYZZC2n8IFH3c
183,"The Scientist
Coldplay",71,150.0,10,8707936,The Scientist,Coldplay,309600,False,False,2002-08-27,4gzpq5DPGxSnKTe4SA8HAU,75JFxkI2RXiU7L9VXzMkle
184,"Take Me To Church
Hozier",108,185.0,3,8706189,Take Me To Church,Hozier,241688,False,False,2014-09-19,2FXC3k01G6Gw61bmprjgqS,1CS7Sd1u5tWkstBhpssyjP
185,"TU VAS SIN (fav)
Rels B",28,146.0,34,8703034,TU VAS SIN (fav),Rels B,110495,False,False,2025-06-20,2IMZYfNi21MGqxopj9fWx8,6uiQ0DqbXTBc8tl0AUKZkR
186,"TU SANCHO
Fuerza Regida",11,177.0,8,8694078,TU SANCHO,Fuerza Regida,177994,True,False,2025-05-02,0ys2OFYzWYB5hRDLCsBqxt,6eLQXa6uk2EW8drsiKbABZ
187,"Nothing Left
Bruno Mars",187,,1,8672039,Nothing Left,Bruno Mars,214748,False,False,2026-02-27,0du5cEVh5yTK9QJze8zA0C,0Sq6JK9kyC4MQa3KrJj5CB
188,"Come As You Are
Nirvana",161,,1,8649581,Come As You Are,Nirvana,218920,False,False,1991-09-26,6olE6TJLqED3rqDCT0FyPh,4P5KoWXOxwuobLmHXLMobV
189,"S&M
Rihanna",186,195.0,2,8647109,S&M,Rihanna,243600,True,False,2010-01-01,5pKCCKE2ajJHZ9KAiaK11H,7ySUcLPVX7KudhnmNcgY2D
190,"Something Just Like This
The Chainsmokers, Coldplay",2,,1,8624608,Something Just Like This,"The Chainsmokers, Coldplay",247160,False,False,2017-04-07,69GGBxA162lTqCwzJG5jLp,6RUKPb4LETWmmr3iAEQktW
191,"Pink Pony Club
Chappell Roan",24,149.0,10,8599031,Pink Pony Club,Chappell Roan,258034,False,False,2023-09-21,7GlBOeep6PqTfFi59PTUUN,6393yGahSJ9slVdOwSxOVR
192,"Sunflower - Spider-Man: Into the Spider-Verse
Post Malone, Swae Lee",1,175.0,3,8591267,Sunflower - Spider-Man: Into the Spider-Verse,"Post Malone, Swae Lee",157560,False,False,2019-09-06,246dkjvS1zLTtiykXe5h60,0RiRZpuVRbi7oqRdSMwhQY
193,"Breakin' Dishes
Rihanna",39,160.0,10,8584565,Breakin' Dishes,Rihanna,200573,False,False,2007-01-01,5pKCCKE2ajJHZ9KAiaK11H,5EcG8eMMlwkHRVa4aTR1qd
194,"Flashing Lights
Kanye West, Dwele",121,183.0,5,8580537,Flashing Lights,"Kanye West, Dwele",237506,True,False,2007-09-11,5K4W6rqBFWDnAN6FQUkS6x,5TRPicyLGbAF2LGBFbHGvO
195,"Take on Me
a-ha",56,,1,8578226,Take on Me,a-ha,225280,False,False,1985-06-01,2jzc5TC5TVFLXQlBNiIUzE,2WfaOiMkCvy7F5fcp2zZ8L
196,"Messy
Lola Young",7,163.0,5,8506538,Messy,Lola Young,284066,True,False,2024-06-21,67FB4n52MgexGQIG8s0yUH,35ISBknsCeZQtq66xABI9g
197,"We Don't Talk Anymore (feat. Selena Gomez)
Charlie Puth, Selena Gomez",39,189.0,3,8480396,We Don't Talk Anymore (feat. Selena Gomez),"Charlie Puth, Selena Gomez",217706,False,False,2015-11-05,6VuMaDnrHyPL1p4EHjYLi7,54PbBpquVfhfrwRwvjSXbI
198,"Outside (feat. Ellie Goulding)
Calvin Harris, Ellie Goulding",178,,1,8478100,Outside (feat. Ellie Goulding),"Calvin Harris, Ellie Goulding",227266,False,False,2014-10-31,7CajNmpbOovFoOoasH2HaY,7MmG8p0F9N3C4AXdK6o6Eb
199,"Wonderwall - Remastered
Oasis",63,,1,8469867,Wonderwall - Remastered,Oasis,258773,False,False,1995,2DaxqgrOhkeH0fpeiQq2f4,7ygpwy2qP3NbrxVkHvUhXY
200,"NO BATIDÃO
ZXKAI, slxughter",172,172.0,3,8438961,NO BATIDÃO,"ZXKAI, slxughter",107933,True,False,2025-09-05,5tIkxADHN80ca0K6HCpWIt,72YttnPRxyHe8zCG50jYhj
