rank,track_artist,peak,prev,streak,streams,track_name,artist_name,duration_ms,explicit,is_local,release_date,artist_id,track_id,duration_sec
1,"23
Raphael",1,1.0,3,167797,23,Raphael,117446,True,False,2026-02-06,3RryZO1NCx4BNG6TWyieTe,4mgUD7Yz4YJRb4cr2NnKpu,117
2,"Zub za zub
Separ, Raphael",1,3.0,39,107940,Zub za zub,"Separ, Raphael",240116,True,False,2025-06-05,3LujD0iQ9jRbSCMA39CGfO,2CPkBjKdmuhiSInYPqIVDZ,240
3,"DtMF
Bad Bunny",2,2.0,4,88047,DtMF,Bad Bunny,237117,True,False,2025-01-05,4q3ewBCX7sLwd24euuV69X,3sK8wGT43QFpWrvNQsrQya,237
4,"TVOJE OČI
4rano, krystuffek",4,4.0,8,81299,TVOJE OČI,"4rano, krystuffek",120119,True,False,2025-12-09,2yzKg373IWFA1nZINR8J8f,14sgVMJqy2XtkjrToAvtgS,120
5,"Tempo za 2
Sara Rikas, Raphael",3,11.0,45,79452,Tempo za 2,"Sara Rikas, Raphael",187653,True,False,2025-04-23,4TwaN115hEDGfkAtJG0USo,2C7sayl5uG8XAuTfA05WYU,188
6,"Raindance (feat. Tems)
Dave, Tems",4,7.0,10,79269,Raindance (feat. Tems),"Dave, Tems",219743,False,False,2025-10-23,6Ip8FS7vWT1uKkJSweANQK,3oTuTpF1F3A7rEC6RKsMRz,220
7,"Lush Life
Zara Larsson",3,5.0,15,76913,Lush Life,Zara Larsson,200646,False,False,2017-03-17,1Xylc3o4UrD53lo9CvFvVg,1rIKgCH4H52lrvDcz50hS8,201
8,"End of Beginning
Djo",1,8.0,17,76467,End of Beginning,Djo,159245,False,False,2022-09-16,5p9HO3XC5P3BLxJs5Mtrhm,3qhlB30KknSejmIvZZLjOD,159
9,"Babydoll
Dominic Fike",9,23.0,4,75793,Babydoll,Dominic Fike,97960,False,False,2018-10-16,6USv9qhCn6zfxlBQIYJ9qs,7yNf9YjeO5JXUE3JEBgnYc,98
10,"Body to body
Separ, French Montana, Peter Pann",1,10.0,48,73433,Body to body,"Separ, French Montana, Peter Pann",192533,True,False,2025-03-30,3LujD0iQ9jRbSCMA39CGfO,58Kx48jdexHfT7reFY1TVE,193
11,"Stateside + Zara Larsson
PinkPantheress, Zara Larsson",11,45.0,8,72966,Stateside + Zara Larsson,"PinkPantheress, Zara Larsson",184761,False,False,2025-10-10,78rUTD7y6Cy67W1RVzYs7t,1DwscornXpj8fmOmYVlqZt,185
12,"The Fate of Ophelia
Taylor Swift",3,15.0,21,67838,The Fate of Ophelia,Taylor Swift,226073,False,False,2025-10-03,06HL4z0CvFAxyc27GXpf02,53iuhJlwXhSER5J2IYYv1W,226
13,"PROBLEMA
Raphael, Luca Brassi10x",1,12.0,18,67367,PROBLEMA,"Raphael, Luca Brassi10x",153548,True,False,2025-10-24,3RryZO1NCx4BNG6TWyieTe,7z3S0D5k9yJ3xTCbbg6icz,154
14,"12 to 12
sombr",8,16.0,31,66542,12 to 12,sombr,242903,False,False,2025-08-22,4G9NDjRyZFDlJKMRL8hx3S,05od2qm2MTSKCHxy1GBp5W,243
15,"WHERE IS MY HUSBAND!
RAYE",8,14.0,23,65967,WHERE IS MY HUSBAND!,RAYE,196795,False,False,2025-09-19,5KKpBU5eC2tJDzf0wmlRp2,55lijDD6OAjLFFUHU9tcDm,197
16,"(When You Gonna) Give It Up to Me - Radio Version
Sean Paul, Keyshia Cole",15,18.0,9,65905,(When You Gonna) Give It Up to Me - Radio Version,"Sean Paul, Keyshia Cole",243880,False,False,2006-09-30,3Isy6kedDrgPYoTS1dazA9,5nEdwtSv0qqeE0l4o1lR4q,244
17,"22
Raphael",9,13.0,36,65006,22,Raphael,142417,True,False,2024-04-12,3RryZO1NCx4BNG6TWyieTe,0R3eeOQZuJG9661NAlMIrT,142
18,"Tití Me Preguntó
Bad Bunny",6,6.0,3,63907,Tití Me Preguntó,Bad Bunny,243716,True,False,2022-05-06,4q3ewBCX7sLwd24euuV69X,1IHWl5LamUGEuP4ozKQSXZ,244
19,"Nehaj tak
Separ, SpecialBeatz",3,17.0,48,62587,Nehaj tak,"Separ, SpecialBeatz",211040,True,False,2025-03-30,3LujD0iQ9jRbSCMA39CGfO,5SdanljnIl81vy8nsLYea4,211
20,"Ups and downs
Sara Rikas",3,22.0,44,62181,Ups and downs,Sara Rikas,135283,False,False,2025-04-23,4TwaN115hEDGfkAtJG0USo,2n9P4AL6xPVnoE1deBxHat,135
21,"Iné Plemená
Sara Rikas, Viktor Sheen",6,21.0,63,62095,Iné Plemená,"Sara Rikas, Viktor Sheen",187000,True,False,2025-04-23,4TwaN115hEDGfkAtJG0USo,6WfjL1LncrRrm79gaZoi9v,187
22,"back to friends
sombr",5,25.0,50,60736,back to friends,sombr,199032,False,False,2025-08-22,4G9NDjRyZFDlJKMRL8hx3S,7qjZnBKE73H4Oxkopwulqe,199
23,"Tras tou
Separ, Sawsane",5,24.0,48,60321,Tras tou,"Separ, Sawsane",215013,True,False,2025-03-30,3LujD0iQ9jRbSCMA39CGfO,37bzTXxhFeNN7K3fDFeGwU,215
24,"Painkillers
Yzomandias, P T K, Luca Brassi10x, Le Winter",1,20.0,67,59946,Painkillers,"Yzomandias, P T K, Luca Brassi10x, Le Winter",216363,True,False,2024-11-22,721o1Z0J6jQupyzLt9RnEk,3QCRSIRZyCM2JjR4DTiwzF,216
25,"31
Shimmi, SIMILIVINLIFE",19,27.0,13,59044,31,"Shimmi, SIMILIVINLIFE",176032,True,False,2025-11-28,5QLfxY8Phcamadzx1r79ck,1Gix5ydCHyeExbBvbmI7WH,176
26,"DIG ON(A)
Frayer Flexking, Separ",3,19.0,11,57840,DIG ON(A),"Frayer Flexking, Separ",174719,True,False,2025-12-12,6cu3kZ6CfnT6LF8USDmumJ,3ltGfYpJA8svZLKybybTFB,175
27,"Ordinary
Alex Warren",3,26.0,55,57036,Ordinary,Alex Warren,186964,False,False,2024-09-26,0fTSzq9jAh4c36UVb4V7CB,2RkZ5LkEzeHGRsmDqKwmaJ,187
28,"Sunset
Separ, Jerry Lee, P T K",1,28.0,156,56317,Sunset,"Separ, Jerry Lee, P T K",155520,True,False,2023-03-31,3LujD0iQ9jRbSCMA39CGfO,4WXX611x1aCtwcqVJgA3xb,156
29,"NUEVAYoL
Bad Bunny",4,9.0,4,55814,NUEVAYoL,Bad Bunny,183685,False,False,2025-01-05,4q3ewBCX7sLwd24euuV69X,5TFD2bmFKGhoCRbX61nXY5,184
30,"No Broke Boys
Disco Lines, Tinashe",13,29.0,33,55776,No Broke Boys,"Disco Lines, Tinashe",163994,True,False,2025-06-06,5Kmr0b3ip8g9P2i0dLTC3Z,3cZajhyr8LmtPfHZ9296tj,164
31,"Cigarety
Sara Rikas, Matej Turcer",5,34.0,44,54711,Cigarety,"Sara Rikas, Matej Turcer",281346,False,False,2025-04-23,4TwaN115hEDGfkAtJG0USo,1XIbDyk2cYuhmPa0cO0zqN,281
32,"Talk2me
Sara Rikas, Yzomandias",1,30.0,46,54601,Talk2me,"Sara Rikas, Yzomandias",163209,True,False,2025-04-23,4TwaN115hEDGfkAtJG0USo,1x1gDfbVvPYm8gaRVhDhIl,163
33,"Ready či ne!?
Raphael, Zayo",13,31.0,54,53961,Ready či ne!?,"Raphael, Zayo",157947,True,False,2024-11-29,3RryZO1NCx4BNG6TWyieTe,7BYzdtr7IDLBxe81Wwat8n,158
34,"Pistácie (feat. Sofian Medjmedj)
Calin, Sofian Medjmedj",1,32.0,64,53789,Pistácie (feat. Sofian Medjmedj),"Calin, Sofian Medjmedj",174117,True,False,2024-12-06,5lEkQtWa3UKlI1hj7sktcd,5LG6E6hwx6u84X7hMVkpKp,174
35,"Love Me Not
Ravyn Lenae",29,37.0,47,48658,Love Me Not,Ravyn Lenae,213466,False,False,2024-08-09,5RTLRtXjbXI2lSXc6jxlAz,4WFgvKVfEhb3IUAFGrutTR,213
36,"Phantom
EsDeeKid, Rico Ace",6,36.0,22,47610,Phantom,"EsDeeKid, Rico Ace",109759,True,False,2025-06-20,0EyhkwP3UnwGFBy6xwKjSy,57Z6TJCTMACXxdrcwZ3Zvf,110
37,"Bbejbb
Separ, Peter Pann",1,42.0,104,46617,Bbejbb,"Separ, Peter Pann",173917,True,False,2024-03-02,3LujD0iQ9jRbSCMA39CGfO,3BQqSkF8Raj9lEzJdscmmu,174
38,"NENI STRE$S
Pil C, Luca Brassi10x, Separ",1,44.0,90,46203,NENI STRE$S,"Pil C, Luca Brassi10x, Separ",169811,True,False,2024-06-07,2U1l35agymGrBDFeMIxVLG,1P8o6bOTyh1kEqe72JFzzO,170
39,"SI JE*LA
Hard Rico",1,39.0,26,46017,SI JE*LA,Hard Rico,207360,True,False,2025-09-04,4Vmja4orT3sZ2F3x3DanBZ,6C78RyuYtDZULWcWcwzbKx,207
40,"Man I Need
Olivia Dean",37,43.0,23,45923,Man I Need,Olivia Dean,184000,False,False,2025-08-15,00x1fYSGhdqScXBRpSj3DW,1qbmS6ep2hbBRaEZFpn7BX,184
41,"Just Keep Watching (From F1® The Movie)
Tate McRae, F1 The Album",10,53.0,39,45222,Just Keep Watching (From F1® The Movie),"Tate McRae, F1 The Album",142550,False,False,2025-05-30,45dkTj5sMRSjrmBSBeiHym,2yWlGEgEfPot0lv3OAjuG3,143
42,"Homewrecker
sombr",42,46.0,3,44128,Homewrecker,sombr,209066,False,False,2026-02-05,4G9NDjRyZFDlJKMRL8hx3S,7tICCrK3CcyRFKza7yrR0z,209
43,"nikto ako my
Pil C, Luca Brassi10x, Separ",4,41.0,38,44095,nikto ako my,"Pil C, Luca Brassi10x, Separ",149538,True,False,2025-06-06,2U1l35agymGrBDFeMIxVLG,2M9vtafpahKq5FxGAFwAzy,150
44,"undressed
sombr",25,52.0,49,44045,undressed,sombr,182088,False,False,2025-08-22,4G9NDjRyZFDlJKMRL8hx3S,0TFTAtCYhp2tQ9KcJIZb55,182
45,"AENE
Separ, SMART, Dame",1,49.0,48,43398,AENE,"Separ, SMART, Dame",295880,True,False,2025-03-30,3LujD0iQ9jRbSCMA39CGfO,0TavlW2wgiYIFucM8n5XEu,296
46,"Every Breath You Take
The Police",11,40.0,65,43065,Every Breath You Take,The Police,253920,False,False,1983-06-17,5NGO30tJxFlKixkPSgXcFE,1JSTJqkT5qHq8MDJnJbRE1,254
47,"Papaoutai - Afro Soul
mikeeysmind, Chill77, Unjaps",8,47.0,2,42945,Papaoutai - Afro Soul,"mikeeysmind, Chill77, Unjaps",280033,False,False,2025-12-20,0g0ZYLiNYI4kMg8MX76bkN,2pwED7E7gGr3UR7T3s3LSM,280
48,"ZA KATREM
Hard Rico",3,38.0,8,42919,ZA KATREM,Hard Rico,180000,True,False,2026-01-05,4Vmja4orT3sZ2F3x3DanBZ,7m2qiAZor7LHaDXk2DeuyI,180
49,"Stále som
Sara Rikas",10,67.0,45,42650,Stále som,Sara Rikas,158010,True,False,2025-04-23,4TwaN115hEDGfkAtJG0USo,7JeVRhvdsU2s6HpuUPdEuA,158
50,"Golden
HUNTR/X, EJAE, AUDREY NUNA, REI AMI, KPop Demon Hunters Cast",7,51.0,35,42454,Golden,"HUNTR/X, EJAE, AUDREY NUNA, REI AMI, KPop Demon Hunters Cast",194607,False,False,2025-06-20,2yNNYQBChuox9A5Ka93BIn,1CPZ5BxNNd0n0nF4Orb9JS,195
51,"Džanes
Sara Rikas",29,50.0,45,41563,Džanes,Sara Rikas,123946,False,False,2023-10-26,4TwaN115hEDGfkAtJG0USo,5agUzhiIJPAuj76t38TMy4,124
52,"4 Raws
EsDeeKid",22,48.0,17,40271,4 Raws,EsDeeKid,146666,True,False,2025-06-20,0EyhkwP3UnwGFBy6xwKjSy,554qQSs9lpRVq6TlaaiIKT,147
53,"AM4
Shimmi, SIMILIVINLIFE, GABRIELL",15,56.0,102,39916,AM4,"Shimmi, SIMILIVINLIFE, GABRIELL",171722,True,False,2024-03-15,5QLfxY8Phcamadzx1r79ck,18ilJfI0M9nkz2O3EnT9cS,172
54,"Sailor Song
Gigi Perez",3,59.0,80,39669,Sailor Song,Gigi Perez,211978,False,False,2025-04-25,1iCnM8foFssWlPRLfAbIwo,21IYMdzTrzSe191Cy5eMap,212
55,"Rozdělený světy
Viktor Sheen",7,64.0,30,39639,Rozdělený světy,Viktor Sheen,211891,True,False,2020-10-17,4cG43cUBRJWWDsRh4SW48i,65sTVVVMDnczku5Gt2PTmt,212
56,"BlockSuperstars
Raphael, Simon Red",41,57.0,27,39152,BlockSuperstars,"Raphael, Simon Red",168000,True,False,2024-04-12,3RryZO1NCx4BNG6TWyieTe,0PL98bBO5gSxfyMEotVAvz,168
57,"S&M
Rihanna",52,62.0,61,39052,S&M,Rihanna,243600,True,False,2010-01-01,5pKCCKE2ajJHZ9KAiaK11H,7ySUcLPVX7KudhnmNcgY2D,244
58,"Italiano,Cigan,Arab
Danior, Tunisino",9,55.0,10,38778,"Italiano,Cigan,Arab","Danior, Tunisino",124267,True,False,2025-12-16,24h0R60ekkrC3dDH3J7R5H,0ByJbHq3o1ssNSTSWZAZi9,124
59,"Strach
BUKA",1,60.0,16,38391,Strach,BUKA,205048,True,False,2025-11-12,5hXMMzNyqGj17MtUASdtnI,5JShUXhGOwqhqwJVGjqVWk,205
60,"BAILE INoLVIDABLE
Bad Bunny",17,33.0,4,38293,BAILE INoLVIDABLE,Bad Bunny,367725,True,False,2025-01-05,4q3ewBCX7sLwd24euuV69X,2lTm559tuIvatlT1u0JYG2,368
61,"Don't Stop The Music
Rihanna",50,61.0,61,37864,Don't Stop The Music,Rihanna,267080,False,False,2007-01-01,5pKCCKE2ajJHZ9KAiaK11H,1Jo0Zg7XlrA6z0mFTZVdkn,267
62,"Pinokio
Separ, Dano Kapitán",12,65.0,96,37739,Pinokio,"Separ, Dano Kapitán",217053,True,False,2020-05-03,3LujD0iQ9jRbSCMA39CGfO,0kN7F9Hc6sjJ5WPuuyJJNi,217
63,"Swagsucks
Separ",2,66.0,48,37272,Swagsucks,Separ,162173,True,False,2025-03-30,3LujD0iQ9jRbSCMA39CGfO,3kGZG7KKmJmJV85JtDAUwn,162
64,"Nemáme
Raphael, Hard Rico",36,54.0,29,37027,Nemáme,"Raphael, Hard Rico",221202,True,False,2024-04-12,3RryZO1NCx4BNG6TWyieTe,7k7FJqta8D0oq9vmMytl3p,221
65,"Free Love
Raphael, Calin",29,63.0,19,36557,Free Love,"Raphael, Calin",142571,True,False,2024-04-12,3RryZO1NCx4BNG6TWyieTe,2a0qU1SG7TqwIJw4ncxvAw,143
66,"Svoboda
Yzomandias, P T K, Sara Rikas",15,69.0,66,36546,Svoboda,"Yzomandias, P T K, Sara Rikas",165618,True,False,2024-11-22,721o1Z0J6jQupyzLt9RnEk,6QMXFOrO3SLcemX2lGRVP1,166
67,"EoO
Bad Bunny",31,35.0,3,36055,EoO,Bad Bunny,204768,True,False,2025-01-05,4q3ewBCX7sLwd24euuV69X,6J5kc12BW5HuP3d7C3vvx8,205
68,"10 Minút
Nerieš, DMS",37,75.0,61,35894,10 Minút,"Nerieš, DMS",331849,True,False,2016-10-23,4qla74GaFZkhFIUQvGZAEN,3GAD4OTfUu4k5Y3euOFYat,332
69,"Riptide
Vance Joy",26,79.0,9,34871,Riptide,Vance Joy,204280,False,False,2014-08-05,10exVja0key0uqUkk6LJRT,2uXlHCUbq9OMUwx3hrk06o,204
70,"Drag Path
Twenty One Pilots",70,,1,34844,Drag Path,Twenty One Pilots,224000,False,False,2026-02-17,3YQKmKGau1PzlVlkL1iodx,0TlcczkVTGpinpkGJpT81L,224
71,"So Easy (To Fall In Love)
Olivia Dean",71,78.0,8,34612,So Easy (To Fall In Love),Olivia Dean,169000,False,False,2025-09-26,00x1fYSGhdqScXBRpSj3DW,6sGIMrtIzQjdzNndVxe397,169
72,"Century
EsDeeKid",36,70.0,16,34189,Century,EsDeeKid,109714,True,False,2025-10-31,0EyhkwP3UnwGFBy6xwKjSy,1lJOLxDS8kS2rihrqezMcv,110
73,"Inverzia
Pil C, Viktor Sheen",2,71.0,84,34107,Inverzia,"Pil C, Viktor Sheen",204600,False,False,2023-02-14,2U1l35agymGrBDFeMIxVLG,0fP30PpvCS3AB4hBN91GPY,205
74,"Viac
Nerieš, Separ",1,88.0,114,34093,Viac,"Nerieš, Separ",212727,True,False,2020-03-05,4qla74GaFZkhFIUQvGZAEN,2zCkru42FlOYnguzb9Z4aT,213
75,"We Are The People
Empire Of The Sun",55,68.0,52,33767,We Are The People,Empire Of The Sun,267373,False,False,2008-10-03,67hb7towEyKvt5Z8Bx306c,3zEN0ii6s4DHHBpnTp3RP7,267
76,"Zoo
Disney, Shakira",71,74.0,11,33672,Zoo,"Disney, Shakira",190822,False,False,2025-11-21,3xvaSlT4xsyk6lY1ESOspO,3vJIaiTIHxHhYafTSPNiH4,191
77,"Sweater Weather
The Neighbourhood",16,73.0,283,33594,Sweater Weather,The Neighbourhood,240400,False,False,2013-04-22,77SW9BnxLY8rJ0RciFqkHh,2QjOHCTQ1Jl3zawyYOpxh6,240
78,"Give Me Everything (feat. Nayer)
Pitbull, AFROJACK, Ne-Yo, Nayer",15,76.0,9,33304,Give Me Everything (feat. Nayer),"Pitbull, AFROJACK, Ne-Yo, Nayer",252306,False,False,2011-06-17,0TnOYISbd1XYRBk9myaseg,4QNpBfC0zvjKqPJcyqBy9W,252
79,"NARCOS
Hard Rico, Yzomandias",2,89.0,91,33133,NARCOS,"Hard Rico, Yzomandias",191250,True,False,2024-10-18,4Vmja4orT3sZ2F3x3DanBZ,5HVr2Ay42xJgB2VZ7CUJQJ,191
80,"LV Sandals
EsDeeKid, fakemink, Rico Ace",36,72.0,18,32712,LV Sandals,"EsDeeKid, fakemink, Rico Ace",111157,True,False,2025-06-20,0EyhkwP3UnwGFBy6xwKjSy,5uz5v1hRZLjNGatcPtOWUv,111
81,"Danza Kuduro
Don Omar, Lucenzo",36,93.0,9,32431,Danza Kuduro,"Don Omar, Lucenzo",198773,False,False,2010-01-01,33ScadVnbm2X8kkUqOkC6Z,2a1o6ZejUi8U3wzzOtCOYw,199
82,"Only Girl (In The World)
Rihanna",81,81.0,9,32330,Only Girl (In The World),Rihanna,235493,False,False,2010-01-01,5pKCCKE2ajJHZ9KAiaK11H,2ENexcMEMsYk0rVJigVD3i,235
83,"Iris
The Goo Goo Dolls",69,85.0,9,32047,Iris,The Goo Goo Dolls,289533,False,False,1998,2sil8z5kiy4r76CRTXxBCA,6Qyc6fS4DsZjB2mRW9DsQs,290
84,"Safír
Calin, Viktor Sheen",1,90.0,160,32022,Safír,"Calin, Viktor Sheen",149589,False,False,2023-02-03,5lEkQtWa3UKlI1hj7sktcd,1tpWtFdAuY9chjl5YhzsTP,150
85,"TOKIO
13K",85,,1,31751,TOKIO,13K,211200,True,False,2026-02-19,0DXtbUJKCkHeaHPQPzFM9a,5JRWdKVKFwcYBbOk68CLVf,211
86,"Fame is a Gun
Addison Rae",80,91.0,9,31631,Fame is a Gun,Addison Rae,183237,False,False,2025-06-06,4gvjmrtzydbMpyJaXUtwvP,7B3BwNecBhKvNwSMOOl7Gk,183
87,"W!LD
Shimmi",54,83.0,13,31523,W!LD,Shimmi,120300,True,False,2025-11-28,5QLfxY8Phcamadzx1r79ck,2wxdaWPCQ71uewXjyfBUU0,120
88,"Somewhere I Belong
Linkin Park",80,100.0,9,31335,Somewhere I Belong,Linkin Park,213933,False,False,2003-03-25,6XyY86QOPPrYVGvF9ch6wz,3agtg0x11wPvLIWkYR39nZ,214
89,"NO BATIDÃO
ZXKAI, slxughter",82,82.0,6,31270,NO BATIDÃO,"ZXKAI, slxughter",107933,True,False,2025-09-05,5tIkxADHN80ca0K6HCpWIt,72YttnPRxyHe8zCG50jYhj,108
90,"Kdo??
Robin Zoot, BUKA",58,58.0,2,31261,Kdo??,"Robin Zoot, BUKA",169600,True,False,2026-02-10,28oxY7ZfDt1BJFf8FVfpEh,7v26hAmRxygMsg2SYKibzF,170
91,"BIRDS OF A FEATHER
Billie Eilish",8,77.0,9,30990,BIRDS OF A FEATHER,Billie Eilish,210373,False,False,2024-05-17,6qqNVTkY8uBg9cP3Jd7DAH,6dOtVTDdiauQNBQEDOtlAB,210
92,"Te Amo
Miki Goldy",9,87.0,19,30989,Te Amo,Miki Goldy,153600,False,False,2025-10-16,5Rlr2uNakCyP6CPOdw474I,0woKdzamzKvMXps6AemWIV,154
93,"Jak Robot
GUFRAU, Victor Kal., SIMILIVINLIFE",17,80.0,8,30879,Jak Robot,"GUFRAU, Victor Kal., SIMILIVINLIFE",146823,True,False,2025-12-31,0WpBMqO4ai8W3rh3ffW14Q,4QYBPf22ldsJoz2CObRU1H,147
94,"Vyjebala Rešpekt
Separ, Matej Straka",15,103.0,9,30856,Vyjebala Rešpekt,"Separ, Matej Straka",287333,True,False,2017-06-26,3LujD0iQ9jRbSCMA39CGfO,6qccVBVMufw9uiFGEVLz6R,287
95,"All The Things She Said
t.A.T.u.",70,86.0,9,30827,All The Things She Said,t.A.T.u.,214440,True,False,2002,2Q3eZMfDQgT8MhPowKFXYO,4bJygwUKrRgq1stlNXcgMg,214
96,"dole
Pil C, Luca Brassi10x, Dollar Prync",2,95.0,38,30323,dole,"Pil C, Luca Brassi10x, Dollar Prync",179130,True,False,2025-06-06,2U1l35agymGrBDFeMIxVLG,60s9qt0f9uweJvExCjHSyb,179
97,"100g
AstralKid22",97,199.0,2,30238,100g,AstralKid22,141404,True,False,2026-02-22,1i1DQiBhPIvgpNnVQ69cgJ,7B6o5XNipGWJB86kt27iGi,141
98,"AQUA
Shimmi",5,97.0,9,30204,AQUA,Shimmi,117910,True,False,2025-11-28,5QLfxY8Phcamadzx1r79ck,1OzrhN3pKoelHuXPq7w8yv,118
99,"ROOFTOP
Yzomandias, P T K, Luca Brassi10x, Hard Rico, 13Many",16,110.0,66,30023,ROOFTOP,"Yzomandias, P T K, Luca Brassi10x, Hard Rico, 13Many",255774,True,False,2024-11-22,721o1Z0J6jQupyzLt9RnEk,40NDq9cPK2bxBlkPFATZWw,256
100,"Ocean Eyes
Raphael",71,84.0,35,30001,Ocean Eyes,Raphael,172225,False,False,2022-12-02,3RryZO1NCx4BNG6TWyieTe,7LywEIE8nudZqK6c20MOUQ,172
101,"Lean On
Major Lazer, DJ Snake, MØ",64,102.0,8,29474,Lean On,"Major Lazer, DJ Snake, MØ",176561,False,False,2015-06-01,738wLrAtLtCtFOLvQBXOXp,01aTsQoKoeXofSTvKuunzv,177
102,"I'm back
Separ, Sara Rikas",12,96.0,9,29357,I'm back,"Separ, Sara Rikas",194413,True,False,2025-03-30,3LujD0iQ9jRbSCMA39CGfO,6yvop4JC7yK1cXaIpC4PvJ,194
103,"Vítej mezi náma (feat. STEIN27)
Calin, STEIN27",4,128.0,64,29122,Vítej mezi náma (feat. STEIN27),"Calin, STEIN27",193548,True,False,2024-12-06,5lEkQtWa3UKlI1hj7sktcd,4oLJGn19J4OWAPC7fV5b5E,194
104,"Ruka Na Volante
Nerieš",2,105.0,9,29105,Ruka Na Volante,Nerieš,172071,False,False,2020-03-05,4qla74GaFZkhFIUQvGZAEN,32X1PwQVeATkp4soNcu5BW,172
105,"Vodka není voda
Lboy Bsc, Dorian, Freez247",105,,1,29092,Vodka není voda,"Lboy Bsc, Dorian, Freez247",206817,True,False,2025-10-24,7HjHXYRxGom5mjP1lHKHW2,33l3BKJazySRMviJXQVTBJ,207
106,"Faint
Linkin Park",58,106.0,8,29030,Faint,Linkin Park,162106,False,False,2003-03-25,6XyY86QOPPrYVGvF9ch6wz,4Yf5bqU3NK4kNOypcrLYwU,162
107,"Can't Hold Us (feat. Ray Dalton)
Macklemore, Ryan Lewis, Macklemore & Ryan Lewis, Ray Dalton",35,126.0,9,29005,Can't Hold Us (feat. Ray Dalton),"Macklemore, Ryan Lewis, Macklemore & Ryan Lewis, Ray Dalton",258431,False,False,2012-10-09,3JhNCzhSMTxs9WLGJJxWOY,22skzmqfdWrjJylampe0kt,258
108,"Až na měsíc
Viktor Sheen, Calin, Hasan, Nik Tendo",4,115.0,35,28976,Až na měsíc,"Viktor Sheen, Calin, Hasan, Nik Tendo",208695,True,False,2019-05-16,4cG43cUBRJWWDsRh4SW48i,3rxHQ7HeJCpiei1d6ANDPW,209
109,"Chains of Love
Charli xcx",109,200.0,2,28969,Chains of Love,Charli xcx,170211,False,False,2026-02-13,25uiPmTg16RbhZWAqwLBy5,77qLAmRzMPetmXywybpH15,170
110,"Syndrom
Viktor Sheen",2,127.0,68,28806,Syndrom,Viktor Sheen,166299,False,False,2024-11-08,4cG43cUBRJWWDsRh4SW48i,6gj6FXx7jZXOOdLX4aNaSK,166
111,"Sexy Bitch (feat. Akon)
David Guetta, Akon",80,145.0,4,28614,Sexy Bitch (feat. Akon),"David Guetta, Akon",195853,True,False,2009-08-21,1Cs0zKBU1kc0i8ypK3B9ai,0uXO2GrNiIb1xHT9LUdxZE,196
112,"TY A JA
Alan Murin, Kali, Peter Pann",10,107.0,9,28430,TY A JA,"Alan Murin, Kali, Peter Pann",169319,False,False,2025-06-05,6pNpb0Hcy98NRr1e8Vhxss,2xR7lQvCRF53gYz7H8IZfD,169
113,"Memories (feat. Kid Cudi)
David Guetta, Kid Cudi",95,99.0,9,28201,Memories (feat. Kid Cudi),"David Guetta, Kid Cudi",209226,True,False,2010-11-22,1Cs0zKBU1kc0i8ypK3B9ai,5p3SJ3CYqrmFbboAtfNo5n,209
114,"Nemam mood
Separ, Peter Pann",3,92.0,9,28173,Nemam mood,"Separ, Peter Pann",193636,True,False,2023-03-31,3LujD0iQ9jRbSCMA39CGfO,1BnuGuGGEv1mIpJEmDZ5nq,194
115,"Die With A Smile
Lady Gaga, Bruno Mars",4,98.0,9,28157,Die With A Smile,"Lady Gaga, Bruno Mars",251667,False,False,2024-08-16,1HY2Jd0NmPuamShAr6KMms,2plbrEY59IikOBgBGLjaoe,252
116,"Antarktida
Sergei Barracuda, Luca Brassi10x",4,104.0,22,27680,Antarktida,"Sergei Barracuda, Luca Brassi10x",210859,True,False,2025-09-25,1hwvc8bcyy9ruXXXRLcfko,1IeSKALeTrDx7H17xqxlXT,211
117,"APT.
ROSÉ, Bruno Mars",2,119.0,9,27675,APT.,"ROSÉ, Bruno Mars",169917,False,False,2024-10-18,3eVa5w3URK5duf6eyVDbu9,5vNRhkKd0yEAg8suGBpjeY,170
118,"Na Očiach Vyryté
Saul, Viktor Sheen",2,118.0,9,27584,Na Očiach Vyryté,"Saul, Viktor Sheen",220502,False,False,2025-01-17,6xg3PSVEwviVyfnx3mtsPL,1Qzgt6gOMrwhMlmiBl3jbc,221
119,"Fashion Princess
G1nter",119,197.0,2,27514,Fashion Princess,G1nter,132923,True,False,2026-02-15,34VKnmbZyMrLr4Mwd13kOa,23nJokuKyPOwDD0pfqA0xX,133
120,"Beautiful Things
Benson Boone",2,129.0,9,27460,Beautiful Things,Benson Boone,180304,False,False,2024-04-05,22wbnEMDvgVIAGdFeek6ET,3xkHsmpQCBMytMJNiDf3Ii,180
121,"Another Love
Tom Odell",7,101.0,9,27442,Another Love,Tom Odell,244360,True,False,2013-06-24,2txHhyCwHjUEpJjWrEyqyX,3JvKfv6T31zO0ini8iNItO,244
122,"Cígo a káva (feat. Saul)
Viktor Sheen, Saul",1,141.0,68,27442,Cígo a káva (feat. Saul),"Viktor Sheen, Saul",183428,True,False,2024-11-08,4cG43cUBRJWWDsRh4SW48i,2UD4l3evthKlDOM6HSrc9N,183
123,"KSN - PINTLICH REMIX
Yzomandias, Ektor, P T K, Robin Zoot, Nik Tendo, PINTLICH",14,138.0,4,27239,KSN - PINTLICH REMIX,"Yzomandias, Ektor, P T K, Robin Zoot, Nik Tendo, PINTLICH",188571,True,False,2025-06-04,721o1Z0J6jQupyzLt9RnEk,2K4y6LbyUOr03ktqAaMZmD,189
124,"I Love It (feat. Charli XCX)
Icona Pop, Charli xcx",118,120.0,2,27188,I Love It (feat. Charli XCX),"Icona Pop, Charli xcx",157152,True,False,2013-08-23,1VBflYyxBhnDc9uVib98rw,6HZ9VeI5IRFCNQLXhpF4bq,157
125,"The Emptiness Machine
Linkin Park",2,137.0,9,27170,The Emptiness Machine,Linkin Park,190427,True,False,2024-11-15,6XyY86QOPPrYVGvF9ch6wz,1EDPVGbyPKJPeGqATwXZvN,190
126,"Hannah Montana
Calin",1,125.0,61,27120,Hannah Montana,Calin,158607,False,False,2022-03-11,5lEkQtWa3UKlI1hj7sktcd,2sXnat46y10FtAbW2A0ira,159
127,"Pátky
Viktor Sheen",7,139.0,68,27093,Pátky,Viktor Sheen,188571,True,False,2024-11-08,4cG43cUBRJWWDsRh4SW48i,1nwKq6t4wpKLK2bWkDVm3e,189
128,"HAYABUSA
Hard Rico",3,124.0,24,27057,HAYABUSA,Hard Rico,199111,True,False,2025-09-11,4Vmja4orT3sZ2F3x3DanBZ,4Es9Odl5pS4pNWLiHyZMyh,199
129,"Breakin' Dishes
Rihanna",31,113.0,9,26983,Breakin' Dishes,Rihanna,200573,False,False,2007-01-01,5pKCCKE2ajJHZ9KAiaK11H,5EcG8eMMlwkHRVa4aTR1qd,201
130,"Silný refrén
Horkýže Slíže",81,133.0,6,26970,Silný refrén,Horkýže Slíže,188838,False,False,2007-03-09,1Vokrr21dze8HRk1oeWq9o,6wnc03soJZURZVtyAbK81X,189
131,"NYC Mindset
Shimmi",16,112.0,9,26810,NYC Mindset,Shimmi,152073,True,False,2024-03-15,5QLfxY8Phcamadzx1r79ck,7CN0OwCU02ubIN46aJscxI,152
132,"Heartless
Kanye West",28,116.0,9,26523,Heartless,Kanye West,211000,False,False,2008-11-24,5K4W6rqBFWDnAN6FQUkS6x,4EWCNWgDS8707fNSZ1oaA5,211
133,"Z BLATA
Zayo, Luca Brassi10x, Raphael",54,134.0,12,26522,Z BLATA,"Zayo, Luca Brassi10x, Raphael",187245,True,False,2025-12-05,0lf8LVkrjg9GudchoppC5q,4YZFYWY8P17JZPADxbZXWw,187
134,"We Found Love
Rihanna, Calvin Harris",110,132.0,6,26457,We Found Love,"Rihanna, Calvin Harris",215226,False,False,2011-11-18,5pKCCKE2ajJHZ9KAiaK11H,6qn9YLKt13AGvpq9jfO8py,215
135,"Outside (feat. Ellie Goulding)
Calvin Harris, Ellie Goulding",111,123.0,8,26388,Outside (feat. Ellie Goulding),"Calvin Harris, Ellie Goulding",227266,False,False,2014-10-31,7CajNmpbOovFoOoasH2HaY,7MmG8p0F9N3C4AXdK6o6Eb,227
136,"Virtuální drogy
Viktor Sheen, Calin",9,171.0,9,26299,Virtuální drogy,"Viktor Sheen, Calin",214736,True,False,2021-11-17,4cG43cUBRJWWDsRh4SW48i,7E8LK4R9gAkSG4CD1kqvsX,215
137,"Gabriela
KATSEYE",104,108.0,9,26168,Gabriela,KATSEYE,197226,False,False,2025-06-20,3c0gDdb9lhnHGFtP4prQpn,1xOqGUkyxGQRdCvGpvWKmL,197
138,"Just Dance
Lady Gaga, Colby O'Donis",111,140.0,5,26142,Just Dance,"Lady Gaga, Colby O'Donis",241933,False,False,2008-01-01,1HY2Jd0NmPuamShAr6KMms,2x7MyWybabEz6Y6wvHuwGE,242
139,"Manchild
Sabrina Carpenter",55,121.0,4,26002,Manchild,Sabrina Carpenter,213645,True,False,2025-08-29,74KM79TiuVKeVCqs8QtB0B,2BwO5K8Q7EPAJSGze3AAh9,214
140,"The Way I Are
Timbaland, Keri Hilson, D.O.E.",84,157.0,9,25974,The Way I Are,"Timbaland, Keri Hilson, D.O.E.",179120,False,False,2007-01-01,5Y5TRrQiqgUO4S36tzjIRZ,2bLqfJjuC5syrsgDsZfGmn,179
141,"Bejšíí
Separ, Peter Pann",1,149.0,9,25873,Bejšíí,"Separ, Peter Pann",182857,True,False,2023-11-10,3LujD0iQ9jRbSCMA39CGfO,5BOCqcH0TPqMLOo17dFscB,183
142,"Niekde V Oblakoch
Saul",1,111.0,9,25831,Niekde V Oblakoch,Saul,238000,False,False,2020-06-19,6xg3PSVEwviVyfnx3mtsPL,6OVlADVquXLhHH7x79AjR1,238
143,"I Smoked Away My Brain (I'm God x Demons Mashup) (feat. Imogen Heap & Clams Casino)
A$AP Rocky, Imogen Heap, Clams Casino",49,114.0,9,25719,I Smoked Away My Brain (I'm God x Demons Mashup) (feat. Imogen Heap & Clams Casino),"A$AP Rocky, Imogen Heap, Clams Casino",190285,True,False,2023-08-18,13ubrt8QOOCPljQ2FL1Kca,3ZaEs1O8BG581qYPHpQ8d6,190
144,"In the End
Linkin Park",22,164.0,9,25593,In the End,Linkin Park,216880,False,False,2000-10-24,6XyY86QOPPrYVGvF9ch6wz,60a0Rd6pjrkxjPbaKzXjfq,217
145,"Mám ťa rád
Karol Duchoň",42,158.0,13,25453,Mám ťa rád,Karol Duchoň,249933,False,False,2016-01-01,7t9Ee452yVH58xneswOHNH,3aCpawvHOSIfMQEOYUXy56,250
146,"Body
Don Toliver",59,109.0,4,25414,Body,Don Toliver,155753,True,False,2026-01-30,4Gso3d4CscCijv0lmajZWs,0FlcmZ13DGRmscCroro9GO,156
147,"E85
Don Toliver",147,,1,25375,E85,Don Toliver,153181,True,False,2026-01-30,4Gso3d4CscCijv0lmajZWs,3B4cjvGlPvyBLNG3AzEgkZ,153
148,"KATE MOSS
Shimmi",14,160.0,9,25324,KATE MOSS,Shimmi,106463,True,False,2025-11-28,5QLfxY8Phcamadzx1r79ck,5EzvhJ8YwXHJcwBLdkfFA1,106
149,"She Doesn't Mind
Sean Paul",149,192.0,5,25304,She Doesn't Mind,Sean Paul,227786,False,False,2012-01-24,3Isy6kedDrgPYoTS1dazA9,1zZIGnXIcDKU8QIUkR20nK,228
150,"No Lie
Sean Paul, Dua Lipa",74,130.0,8,25297,No Lie,"Sean Paul, Dua Lipa",221176,False,False,2018-06-29,3Isy6kedDrgPYoTS1dazA9,48QmG1dfvMuYLxMPt7KSRA,221
151,"White Keys
Dominic Fike",151,189.0,2,25187,White Keys,Dominic Fike,144101,False,False,2025-11-14,6USv9qhCn6zfxlBQIYJ9qs,5ViLKrbyL3HD6wsq3AB9eI,144
152,"NÁS NEZASTAVÍ (feat. Hard Rico)
13Many, Hard Rico",54,94.0,5,25171,NÁS NEZASTAVÍ (feat. Hard Rico),"13Many, Hard Rico",162462,True,False,2026-01-23,3j3xobDzxD2HDTvHpkZLKi,48l2ey9095iFLzL4MzWiGo,162
153,"wgft (feat. Burna Boy)
Gunna, Burna Boy",139,150.0,5,25149,wgft (feat. Burna Boy),"Gunna, Burna Boy",184440,True,False,2025-08-08,2hlmm7s2ICUX0LVIhVFlZQ,0WsC4ETIXyiHDMXRaPMvKe,184
154,"The Days - NOTION Remix
Chrystal, NOTION",27,155.0,9,25045,The Days - NOTION Remix,"Chrystal, NOTION",233229,False,False,2024-11-08,5bQ3wFgekuIMIcWJuxkqLK,2FAZskT9yRjp2Oow9szJD8,233
155,"Caliente
INNA",109,154.0,9,25037,Caliente,INNA,201230,False,False,2013,2w9zwq3AktTeYYMuhMjju8,26Z2FQ9KFswyX2x7LxhQKs,201
156,"COMË N GO
Yeat",39,148.0,22,24976,COMË N GO,Yeat,198620,True,False,2025-08-01,3qiHUAX7zY4Qnjx8TNUzVx,2mNGL7mZILSqZHxGboJaO9,199
157,"WILDFLOWER
Billie Eilish",21,135.0,4,24953,WILDFLOWER,Billie Eilish,261466,False,False,2024-05-17,6qqNVTkY8uBg9cP3Jd7DAH,3QaPy1KgI7nu9FJEQUgn6h,261
158,"Turn The Lights Off
Kato, Jon",69,142.0,11,24950,Turn The Lights Off,"Kato, Jon",178946,False,False,2010-01-04,1udruffum7CorOphFUMB9A,7apywiCuMzvSZIa0SKeH99,179
159,"Feel Good Inc.
Gorillaz, De La Soul",57,156.0,9,24936,Feel Good Inc.,"Gorillaz, De La Soul",222640,False,False,2005-05-23,3AA28KZvwAUcZuOKwyblJQ,0d28khcov6AiegSCpG5TuT,223
160,"What You Saying
Lil Uzi Vert",86,136.0,7,24927,What You Saying,Lil Uzi Vert,131729,False,False,2025-12-22,4O15NlyKLIASxsJ0PrXPfz,7cjoZVmWe2xsGR4wcXiV2v,132
161,"Kisses (feat. bbyclose)
BL3SS, CamrinWatsin, bbyclose",39,187.0,8,24850,Kisses (feat. bbyclose),"BL3SS, CamrinWatsin, bbyclose",138246,False,False,2024-03-22,6kbR2eL4hecj3rFwGOsYsI,2A1aS3mwuGuX2yk1bgxOvA,138
162,"Robil by to každý
Separ, Luca Brassi10x, Hard Rico, Raphael",10,163.0,9,24813,Robil by to každý,"Separ, Luca Brassi10x, Hard Rico, Raphael",326093,True,False,2025-03-30,3LujD0iQ9jRbSCMA39CGfO,2i9mENQBSdTfxBqOtZXZGY,326
163,"I Got Love
MiyaGi & Endspiel, Rem Digga",117,174.0,8,24779,I Got Love,"MiyaGi & Endspiel, Rem Digga",276687,False,False,2016-09-09,6L5bLEtpxwd0KOdOr3gtW4,43wgyQXc2M9KmTDUqVzugM,277
164,"One Dance
Drake, Wizkid, Kyla",16,146.0,9,24703,One Dance,"Drake, Wizkid, Kyla",173986,False,False,2016-05-06,3TVXtAsR1Inumwj472S9r4,1zi7xx7UVEFkmKfv06H8x0,174
165,"Malá dáma
Kabát",91,188.0,7,24688,Malá dáma,Kabát,203567,False,False,2007-02-16,2f1Czzz5n4BX80U6cksGr9,6Le5KOUhQgU4PQNkcX6sP4,204
166,"Timeless (feat Playboi Carti)
The Weeknd, Playboi Carti",2,162.0,9,24610,Timeless (feat Playboi Carti),"The Weeknd, Playboi Carti",256000,True,False,2025-01-31,1Xyo4u8uXC1ZmMpatF05PJ,0FIDCNYYjNvPVimz5icugS,256
167,"OHEN
Porsche Boy, WEN, Saul",35,151.0,10,24597,OHEN,"Porsche Boy, WEN, Saul",253376,False,False,2025-12-19,4aQh3DGBy4kwn7QnYTR4KH,7IaMtCrTS0d9wZ6OFCXDyK,253
168,"Timber
Pitbull, Kesha",70,161.0,2,24537,Timber,"Pitbull, Kesha",204134,False,False,2012,0TnOYISbd1XYRBk9myaseg,3cHyrEgdyYRjgJKSOiOtcS,204
169,"Vielleicht Vielleicht - Holy Priest & elMefti Remix
MilleniumKid, JBS, HOLY PRIEST, elMefti",147,,1,24527,Vielleicht Vielleicht - Holy Priest & elMefti Remix,"MilleniumKid, JBS, HOLY PRIEST, elMefti",169818,False,False,2025-04-12,6nJEMDVNcq7fduXgk7EdGG,2nWw7VrUn8Ijo45K6WIIna,170
170,"Cigánsky sen
Rytmus, DJ Wich",73,177.0,9,24465,Cigánsky sen,"Rytmus, DJ Wich",233626,True,False,2008-08-04,1gRr6moof50L1b7XsbClvI,0XP3vWrtI6rfuEgm7MBDGP,234
171,"VÍŠ JAK BOLÍ ŘÍKAT RIP
P T K",46,168.0,20,24268,VÍŠ JAK BOLÍ ŘÍKAT RIP,P T K,140940,True,False,2025-10-08,5iYtjtFv6SvHX95ny4fVEz,5jIAUi4NrvDDqA9Ma32Ej2,141
172,"Espresso
Sabrina Carpenter",8,169.0,3,24248,Espresso,Sabrina Carpenter,175459,True,False,2024-08-23,74KM79TiuVKeVCqs8QtB0B,2HRqTpkrJO5ggZyyK6NPWz,175
173,"studené srdce
Pil C, Luca Brassi10x, Karlo, G1nter",1,185.0,38,24213,studené srdce,"Pil C, Luca Brassi10x, Karlo, G1nter",236800,True,False,2025-06-06,2U1l35agymGrBDFeMIxVLG,6GwekXZF2LdRWQ8IebcoQn,237
174,"Smells Like Teen Spirit
Nirvana",149,176.0,8,24151,Smells Like Teen Spirit,Nirvana,301920,False,False,1991-09-26,6olE6TJLqED3rqDCT0FyPh,5ghIJDpPoe3CfHMGu71E6T,302
175,"Režim nerušit
Dollar Prync, Hard Rico",8,167.0,9,24140,Režim nerušit,"Dollar Prync, Hard Rico",186782,True,False,2023-08-18,3qoxj1cR3W3crV51Wg38Ux,6AZaXcXWfcFgJRgl4bsgvD,187
176,"Mist
EsDeeKid, Rico Ace",142,159.0,9,24069,Mist,"EsDeeKid, Rico Ace",130461,True,False,2025-06-20,0EyhkwP3UnwGFBy6xwKjSy,2NLOyWzztMiW5FmNhD83K6,130
177,"Brick na brick
Hard Rico",20,122.0,9,24060,Brick na brick,Hard Rico,173731,True,False,2023-09-06,4Vmja4orT3sZ2F3x3DanBZ,5011v8IwA4NApxQ3ntw6Ih,174
178,"I Just Might
Bruno Mars",64,178.0,7,24033,I Just Might,Bruno Mars,212973,False,False,2026-01-09,0du5cEVh5yTK9QJze8zA0C,12bYYQaLqHliSXvRIYlq8G,213
179,"Poker Face
Lady Gaga",103,153.0,5,24001,Poker Face,Lady Gaga,237200,True,False,2008-01-01,1HY2Jd0NmPuamShAr6KMms,5R8dQOPq8haW94K7mgERlO,237
180,"Stíny
Viktor Sheen",4,,1,23975,Stíny,Viktor Sheen,172540,True,False,2021-11-17,4cG43cUBRJWWDsRh4SW48i,0J3SIAOndpL1MS2Vq2RMQ9,173
181,"Biely šum na spanie
Biely Šum, Biely Šum Spať",141,191.0,3,23854,Biely šum na spanie,"Biely Šum, Biely Šum Spať",180000,False,False,2020-09-17,6f8nWGSyC9nHAfoI4e7XYb,7mRxx0YzupYEPldsNV80sw,180
182,"MDMS
DMS",13,196.0,2,23821,MDMS,DMS,250496,True,False,2019-08-23,74T1WwwA8A9fXkT3jhk49D,23FOWotpgv5laciAjNyZFe,250
183,"TINTED WINDOWS
P T K",38,173.0,20,23805,TINTED WINDOWS,P T K,147428,True,False,2025-10-08,5iYtjtFv6SvHX95ny4fVEz,7vyNS9qPNnSTZ1MXDyIzpG,147
184,"V Hlavě
P T K, Yzomandias, Viktor Sheen",13,,1,23738,V Hlavě,"P T K, Yzomandias, Viktor Sheen",188000,True,False,2024-11-22,5iYtjtFv6SvHX95ny4fVEz,5MdR2U7mgeQjCedqj5kC2o,188
185,"Hips Don't Lie (feat. Wyclef Jean)
Shakira, Wyclef Jean",92,172.0,3,23702,Hips Don't Lie (feat. Wyclef Jean),"Shakira, Wyclef Jean",220360,False,False,2005-11-28,0EmeFodog0BfCgMzAIvKQp,3d0WouFnFmr0K3kjeza3fF,220
186,"Time of Our Lives
Pitbull, Ne-Yo",71,,1,23700,Time of Our Lives,"Pitbull, Ne-Yo",229358,True,False,2014-11-24,0TnOYISbd1XYRBk9myaseg,2bJvI42r8EF3wxjOuDav4r,229
187,"Pre Dni
Saul",3,147.0,9,23651,Pre Dni,Saul,215988,False,False,2025-01-17,6xg3PSVEwviVyfnx3mtsPL,4vUqYLKsvAxlrvd9TEmtbw,216
188,"That’s So True
Gracie Abrams",11,175.0,9,23560,That’s So True,Gracie Abrams,166300,True,False,2024-10-18,4tuJ0bMpJh08umKkEXKUI5,7ne4VBA60CxGM75vw0EYad,166
189,"NO BATIDÃO - Slowed
ZXKAI, slxughter",143,143.0,9,23560,NO BATIDÃO - Slowed,"ZXKAI, slxughter",107933,True,False,2025-09-05,5tIkxADHN80ca0K6HCpWIt,72YttnPRxyHe8zCG50jYhj,108
190,"Tancuj len tak
Separ, Grimaso",8,152.0,9,23527,Tancuj len tak,"Separ, Grimaso",181573,True,False,2025-03-30,3LujD0iQ9jRbSCMA39CGfO,4mtbIkOg9jfoJKKlEh0l5V,182
191,"Eternity
Alex Warren",27,182.0,3,23486,Eternity,Alex Warren,189553,False,False,2025-07-18,0fTSzq9jAh4c36UVb4V7CB,6wHpLMmp98aHcV8L1JFrj8,190
192,"I Run
HAVEN., Kaitlin Aragon",71,166.0,14,23425,I Run,"HAVEN., Kaitlin Aragon",129565,False,False,2025-11-21,7ouEqUl1PCVPlNninecdcz,1WwQ714xuznu44tEnkem2g,130
193,"Dracula - JENNIE Remix
Tame Impala, JENNIE",193,,1,23370,Dracula - JENNIE Remix,"Tame Impala, JENNIE",209720,True,False,2026-02-06,5INjqkS1o8h1imAzPqGZBb,5yvVYFDUpbnjcnRBgjwTzM,210
194,"White Feather Hawk Tail Deer Hunter
Lana Del Rey",194,,1,23339,White Feather Hawk Tail Deer Hunter,Lana Del Rey,234049,False,False,2026-02-17,00FQb4jTyendYWaN8pK0wa,7IM4xK4W4n06UAV48ZXMup,234
195,"Vlak
Horkýže Slíže",175,,1,23313,Vlak,Horkýže Slíže,171906,True,False,2002,1Vokrr21dze8HRk1oeWq9o,5t9Ctpnkclg6UxBeUCjWVl,172
196,"NIGHTS LIKE THIS
The Kid LAROI",34,183.0,2,23300,NIGHTS LIKE THIS,The Kid LAROI,86983,False,False,2023-11-10,2tIP7SsRs7vjIcLrU85W8J,1XBYiRV30ykHw5f4wm6qEn,87
197,"Robím čo chcem
H16",180,,1,23299,Robím čo chcem,H16,271615,False,False,2008-06-06,1itXAnp2giHFQSzcvdN7xg,6sjdxPCgLG7ANTiRz94suK,272
198,"Opalite
Taylor Swift",15,184.0,3,23226,Opalite,Taylor Swift,235355,False,False,2025-10-03,06HL4z0CvFAxyc27GXpf02,3yWuTOYDztXjZxdE2cIRUa,235
199,"Zlatokopky
Rytmus",111,,1,23019,Zlatokopky,Rytmus,210132,True,False,2009-11-30,1gRr6moof50L1b7XsbClvI,4Bh5TzvbtKBDujKj9TNAg1,210
200,"Čardáš dvoch sŕdc
Karol Duchoň",80,,1,22990,Čardáš dvoch sŕdc,Karol Duchoň,210346,False,False,1976-01-01,7t9Ee452yVH58xneswOHNH,3LmVNym79jPeDKOuIHte4T,210
