rank,track_artist,peak,prev,streak,streams,track_name,artist_name
1,"DtMF
Bad Bunny",1,1.0,4,1424725,DtMF,Bad Bunny
2,"Man I Need
Olivia Dean",2,4.0,27,1230122,Man I Need,Olivia Dean
3,"Tití Me Preguntó
Bad Bunny",2,2.0,3,1118168,Tití Me Preguntó,Bad Bunny
4,"Stateside + Zara Larsson
PinkPantheress, Zara Larsson",4,27.0,8,1099337,Stateside + Zara Larsson,"PinkPantheress, Zara Larsson"
5,"Choosin' Texas
Ella Langley",5,6.0,19,1078888,Choosin' Texas,Ella Langley
6,"End of Beginning
Djo",1,8.0,26,1027559,End of Beginning,Djo
7,"Ordinary
Alex Warren",1,5.0,55,1005959,Ordinary,Alex Warren
8,"So Easy (To Fall In Love)
Olivia Dean",7,10.0,22,1001248,So Easy (To Fall In Love),Olivia Dean
9,"NUEVAYoL
Bad Bunny",2,3.0,4,993349,NUEVAYoL,Bad Bunny
10,"The Fate of Ophelia
Taylor Swift",1,9.0,21,991205,The Fate of Ophelia,Taylor Swift
11,"Babydoll
Dominic Fike",11,19.0,7,919841,Babydoll,Dominic Fike
12,"Golden
HUNTR/X, EJAE, AUDREY NUNA, REI AMI, KPop Demon Hunters Cast",1,11.0,36,882032,Golden,"HUNTR/X, EJAE, AUDREY NUNA, REI AMI, KPop Demon Hunters Cast"
13,"E85
Don Toliver",13,22.0,4,841789,E85,Don Toliver
14,"WHERE IS MY HUSBAND!
RAYE",9,13.0,23,835899,WHERE IS MY HUSBAND!,RAYE
15,"back to friends
sombr",3,17.0,50,833384,back to friends,sombr
16,"Lush Life
Zara Larsson",6,14.0,14,821393,Lush Life,Zara Larsson
17,"Homewrecker
sombr",15,15.0,3,808499,Homewrecker,sombr
18,"No Broke Boys
Disco Lines, Tinashe",5,20.0,37,794691,No Broke Boys,"Disco Lines, Tinashe"
19,"I Just Might
Bruno Mars",2,18.0,7,776831,I Just Might,Bruno Mars
20,"The Great Divide
Noah Kahan",1,16.0,4,731930,The Great Divide,Noah Kahan
21,"BAILE INoLVIDABLE
Bad Bunny",3,7.0,4,713602,BAILE INoLVIDABLE,Bad Bunny
22,"Mr. Brightside
The Killers",19,23.0,61,700552,Mr. Brightside,The Killers
23,"Iris
The Goo Goo Dolls",12,24.0,93,688705,Iris,The Goo Goo Dolls
24,"Beautiful Things
Benson Boone",1,28.0,110,660810,Beautiful Things,Benson Boone
25,"Raindance (feat. Tems)
Dave, Tems",22,29.0,8,651550,Raindance (feat. Tems),"Dave, Tems"
26,"Be By You
Luke Combs",21,21.0,2,648536,Be By You,Luke Combs
27,"Opalite
Taylor Swift",2,25.0,21,647170,Opalite,Taylor Swift
28,"Body
Don Toliver",16,26.0,4,645928,Body,Don Toliver
29,"EoO
Bad Bunny",6,12.0,4,640988,EoO,Bad Bunny
30,"iloveitiloveitiloveit
Bella Kay",30,120.0,2,619929,iloveitiloveitiloveit,Bella Kay
31,"12 to 12
sombr",13,32.0,31,604830,12 to 12,sombr
32,"Love Me Not
Ravyn Lenae",7,36.0,52,594346,Love Me Not,Ravyn Lenae
33,"Dreams - 2004 Remaster
Fleetwood Mac",6,37.0,61,592478,Dreams - 2004 Remaster,Fleetwood Mac
34,"What You Saying
Lil Uzi Vert",14,30.0,9,576925,What You Saying,Lil Uzi Vert
35,"Drag Path
Twenty One Pilots",35,,1,556969,Drag Path,Twenty One Pilots
36,"A Bar Song (Tipsy)
Shaboozey",1,41.0,98,548999,A Bar Song (Tipsy),Shaboozey
37,"Die On This Hill
SIENNA SPIRO",23,39.0,9,548269,Die On This Hill,SIENNA SPIRO
38,"Be Her
Ella Langley",34,34.0,2,546453,Be Her,Ella Langley
39,"Manchild
Sabrina Carpenter",1,38.0,38,540664,Manchild,Sabrina Carpenter
40,"I Remember Everything (feat. Kacey Musgraves)
Zach Bryan, Kacey Musgraves",2,50.0,131,536448,I Remember Everything (feat. Kacey Musgraves),"Zach Bryan, Kacey Musgraves"
41,"Lose Control
Teddy Swims",5,43.0,126,534832,Lose Control,Teddy Swims
42,"Die With A Smile
Lady Gaga, Bruno Mars",1,31.0,80,529622,Die With A Smile,"Lady Gaga, Bruno Mars"
43,"Don’t Say You Love Me
Jin",36,55.0,13,525550,Don’t Say You Love Me,Jin
44,"Sailor Song
Gigi Perez",3,44.0,82,525120,Sailor Song,Gigi Perez
45,"Something in the Orange
Zach Bryan",10,53.0,199,519283,Something in the Orange,Zach Bryan
46,"DAISIES
Justin Bieber",1,33.0,33,511955,DAISIES,Justin Bieber
47,"I Thought I Saw Your Face Today
She & Him",18,48.0,12,511081,I Thought I Saw Your Face Today,She & Him
48,"Riptide
Vance Joy",30,54.0,113,500057,Riptide,Vance Joy
49,"I Had Some Help (Feat. Morgan Wallen)
Post Malone, Morgan Wallen",1,51.0,94,498240,I Had Some Help (Feat. Morgan Wallen),"Post Malone, Morgan Wallen"
50,"Creep
Radiohead",44,56.0,59,498172,Creep,Radiohead
51,"Sweater Weather
The Neighbourhood",18,58.0,282,495242,Sweater Weather,The Neighbourhood
52,"I Got Better
Morgan Wallen",14,46.0,41,491076,I Got Better,Morgan Wallen
53,"Sports car
Tate McRae",3,57.0,57,489318,Sports car,Tate McRae
54,"Pink Pony Club
Chappell Roan",5,49.0,88,485105,Pink Pony Club,Chappell Roan
55,"Every Breath You Take
The Police",16,45.0,61,473168,Every Breath You Take,The Police
56,"4 Raws
EsDeeKid",15,52.0,15,472630,4 Raws,EsDeeKid
57,"What I Want (feat. Tate McRae)
Morgan Wallen, Tate McRae",1,59.0,41,469185,What I Want (feat. Tate McRae),"Morgan Wallen, Tate McRae"
58,"One Dance
Drake, Wizkid, Kyla",12,47.0,24,468456,One Dance,"Drake, Wizkid, Kyla"
59,"BIRDS OF A FEATHER
Billie Eilish",3,40.0,93,468068,BIRDS OF A FEATHER,Billie Eilish
60,"Who Knows
Daniel Caesar",60,61.0,9,460914,Who Knows,Daniel Caesar
61,"Pink Skies
Zach Bryan",7,71.0,92,459307,Pink Skies,Zach Bryan
62,"undressed
sombr",3,76.0,49,457415,undressed,sombr
63,"Sleepless in a Hotel Room
Luke Combs",14,42.0,7,456169,Sleepless in a Hotel Room,Luke Combs
64,"Fame is a Gun
Addison Rae",58,66.0,9,452598,Fame is a Gun,Addison Rae
65,"Headlines
Drake",57,65.0,33,451717,Headlines,Drake
66,"The Chain - 2004 Remaster
Fleetwood Mac",55,80.0,35,443631,The Chain - 2004 Remaster,Fleetwood Mac
67,"weren't for the wind
Ella Langley",33,68.0,48,442370,weren't for the wind,Ella Langley
68,"Stick Season
Noah Kahan",1,63.0,9,440699,Stick Season,Noah Kahan
69,"Yellow
Coldplay",38,62.0,61,438205,Yellow,Coldplay
70,"Sparks
Coldplay",40,69.0,38,436470,Sparks,Coldplay
71,"The Spins
Mac Miller, Empire Of The Sun",70,107.0,8,435144,The Spins,"Mac Miller, Empire Of The Sun"
72,"A Couple Minutes
Olivia Dean",59,60.0,9,434666,A Couple Minutes,Olivia Dean
73,"505
Arctic Monkeys",58,77.0,61,429253,505,Arctic Monkeys
74,"Scar Tissue
Red Hot Chili Peppers",74,104.0,9,425271,Scar Tissue,Red Hot Chili Peppers
75,"That's What I Like
Bruno Mars",8,79.0,9,421879,That's What I Like,Bruno Mars
76,"Secondhand (feat. Rema)
Don Toliver, Rema",35,64.0,4,421373,Secondhand (feat. Rema),"Don Toliver, Rema"
77,"Folded
Kehlani",43,85.0,30,419849,Folded,Kehlani
78,"Landslide
Fleetwood Mac",29,98.0,9,416729,Landslide,Fleetwood Mac
79,"No Pole
Don Toliver",27,94.0,26,413919,No Pole,Don Toliver
80,"APT.
ROSÉ, Bruno Mars",1,82.0,71,413474,APT.,"ROSÉ, Bruno Mars"
81,"Ca$ino
Baby Keem",81,,1,411703,Ca$ino,Baby Keem
82,"Timeless (feat Playboi Carti)
The Weeknd, Playboi Carti",1,81.0,74,408849,Timeless (feat Playboi Carti),"The Weeknd, Playboi Carti"
83,"Plastic Cigarette
Zach Bryan",7,75.0,7,405261,Plastic Cigarette,Zach Bryan
84,"Just Keep Watching (From F1® The Movie)
Tate McRae, F1 The Album",5,110.0,9,402147,Just Keep Watching (From F1® The Movie),"Tate McRae, F1 The Album"
85,"Don't Stop The Music
Rihanna",79,86.0,9,398699,Don't Stop The Music,Rihanna
86,"Last Night
Morgan Wallen",1,102.0,9,398669,Last Night,Morgan Wallen
87,"Tennessee Whiskey
Chris Stapleton",44,74.0,9,398101,Tennessee Whiskey,Chris Stapleton
88,"In the End
Linkin Park",49,122.0,9,397469,In the End,Linkin Park
89,"That’s So True
Gracie Abrams",1,78.0,71,397466,That’s So True,Gracie Abrams
90,"YUKON
Justin Bieber",5,70.0,4,397222,YUKON,Justin Bieber
91,"Take Me to Church
Hozier",37,108.0,9,397148,Take Me to Church,Hozier
92,"Gabriela
KATSEYE",28,72.0,36,394710,Gabriela,KATSEYE
93,"Trap Queen
Fetty Wap",35,91.0,7,393565,Trap Queen,Fetty Wap
94,"Nice To Each Other
Olivia Dean",50,87.0,9,392223,Nice To Each Other,Olivia Dean
95,"Broken Window Serenade
Whiskey Myers",90,97.0,9,392102,Broken Window Serenade,Whiskey Myers
96,"Can't Stop
Red Hot Chili Peppers",96,131.0,8,391528,Can't Stop,Red Hot Chili Peppers
97,"Thunderstruck
AC/DC",97,118.0,9,391245,Thunderstruck,AC/DC
98,"luther (with sza)
Kendrick Lamar, SZA",1,83.0,9,390254,luther (with sza),"Kendrick Lamar, SZA"
99,"How You Remind Me
Nickelback",69,127.0,9,390178,How You Remind Me,Nickelback
100,"No One Noticed
The Marías",40,101.0,9,388392,No One Noticed,The Marías
101,"Have You Ever Seen The Rain
Creedence Clearwater Revival",42,88.0,9,388247,Have You Ever Seen The Rain,Creedence Clearwater Revival
102,"All The Stars (with SZA) - From ""Black Panther: The Album""
Kendrick Lamar, SZA",3,84.0,9,387894,"All The Stars (with SZA) - From ""Black Panther: The Album""","Kendrick Lamar, SZA"
103,"5-7
Karan Aujla, Mxrci",103,,1,387545,5-7,"Karan Aujla, Mxrci"
104,"TIT FOR TAT
Tate McRae",2,103.0,22,387512,TIT FOR TAT,Tate McRae
105,"I'm The Problem
Morgan Wallen",5,100.0,56,386065,I'm The Problem,Morgan Wallen
106,"Good Flirts (feat. Kendrick Lamar & Momo Boyd)
Baby Keem, Kendrick Lamar, Momo Boyd",106,,1,385688,Good Flirts (feat. Kendrick Lamar & Momo Boyd),"Baby Keem, Kendrick Lamar, Momo Boyd"
107,"Espresso
Sabrina Carpenter",2,90.0,9,384734,Espresso,Sabrina Carpenter
108,"Better Me For You (Brown Eyes)
Max McNown",68,142.0,9,383864,Better Me For You (Brown Eyes),Max McNown
109,"The Less I Know The Better
Tame Impala",93,93.0,8,382176,The Less I Know The Better,Tame Impala
110,"Rain Sounds for Sleeping, Pt. 06 (Continuous No Gaps)
White Noise Radiance, Rain Sounds",110,114.0,4,380337,"Rain Sounds for Sleeping, Pt. 06 (Continuous No Gaps)","White Noise Radiance, Rain Sounds"
111,"No Hands (feat. Roscoe Dash & Wale)
Waka Flocka Flame, Roscoe Dash, Wale",93,117.0,7,380030,No Hands (feat. Roscoe Dash & Wale),"Waka Flocka Flame, Roscoe Dash, Wale"
112,"WILDFLOWER
Billie Eilish",16,92.0,9,376812,WILDFLOWER,Billie Eilish
113,"CHANEL
Tyla",14,111.0,15,376765,CHANEL,Tyla
114,"Hell At Night (feat. Ella Langley)
BigXthaPlug, Ella Langley",71,121.0,9,374777,Hell At Night (feat. Ella Langley),"BigXthaPlug, Ella Langley"
115,"Somewhere I Belong
Linkin Park",115,155.0,8,374060,Somewhere I Belong,Linkin Park
116,"Phantom
EsDeeKid, Rico Ace",26,109.0,16,373231,Phantom,"EsDeeKid, Rico Ace"
117,"VOY A LLeVARTE PA PR
Bad Bunny",14,35.0,3,372598,VOY A LLeVARTE PA PR,Bad Bunny
118,"Promiscuous
Nelly Furtado, Timbaland",85,106.0,9,371361,Promiscuous,"Nelly Furtado, Timbaland"
119,"Passionfruit
Drake",1,124.0,9,369677,Passionfruit,Drake
120,"Feel Good Inc.
Gorillaz, De La Soul",58,128.0,9,369343,Feel Good Inc.,"Gorillaz, De La Soul"
121,"Viva La Vida
Coldplay",42,123.0,9,369243,Viva La Vida,Coldplay
122,"(When You Gonna) Give It Up to Me - Radio Version
Sean Paul, Keyshia Cole",122,184.0,2,369094,(When You Gonna) Give It Up to Me - Radio Version,"Sean Paul, Keyshia Cole"
123,"Worst Way
Riley Green",33,99.0,9,368727,Worst Way,Riley Green
124,"Good Luck, Babe!
Chappell Roan",4,96.0,9,365304,"Good Luck, Babe!",Chappell Roan
125,"Ain't No Love In Oklahoma (From Twisters: The Album)
Luke Combs",15,138.0,9,364422,Ain't No Love In Oklahoma (From Twisters: The Album),Luke Combs
126,"You Should Probably Leave
Chris Stapleton",59,105.0,9,364361,You Should Probably Leave,Chris Stapleton
127,"Bloodline
Alex Warren, Jelly Roll",5,139.0,9,363835,Bloodline,"Alex Warren, Jelly Roll"
128,"Midnight Sun
Zara Larsson",128,162.0,6,363518,Midnight Sun,Zara Larsson
129,"Sex on Fire
Kings of Leon",125,149.0,8,362409,Sex on Fire,Kings of Leon
130,"Dracula
Tame Impala",35,125.0,9,360350,Dracula,Tame Impala
131,"House Money
Baby Keem",131,,1,359277,House Money,Baby Keem
132,"Stargazing
Myles Smith",13,170.0,9,359231,Stargazing,Myles Smith
133,"Give Me Everything (feat. Nayer)
Pitbull, AFROJACK, Ne-Yo, Nayer",106,144.0,9,358903,Give Me Everything (feat. Nayer),"Pitbull, AFROJACK, Ne-Yo, Nayer"
134,"White Keys
Dominic Fike",134,,1,358716,White Keys,Dominic Fike
135,"Mystical Magical
Benson Boone",13,115.0,9,358430,Mystical Magical,Benson Boone
136,"Can't Hold Us (feat. Ray Dalton)
Macklemore, Ryan Lewis, Macklemore & Ryan Lewis, Ray Dalton",70,159.0,9,358062,Can't Hold Us (feat. Ray Dalton),"Macklemore, Ryan Lewis, Macklemore & Ryan Lewis, Ray Dalton"
137,"Enter Sandman (Remastered)
Metallica",121,158.0,9,357082,Enter Sandman (Remastered),Metallica
138,"Smells Like Teen Spirit
Nirvana",112,141.0,9,357023,Smells Like Teen Spirit,Nirvana
139,"Everlong
Foo Fighters",87,171.0,6,355474,Everlong,Foo Fighters
140,"Locked out of Heaven
Bruno Mars",27,116.0,7,355456,Locked out of Heaven,Bruno Mars
141,"No Role Modelz
J. Cole",24,136.0,8,354741,No Role Modelz,J. Cole
142,"The Color Violet
Tory Lanez",14,147.0,9,354312,The Color Violet,Tory Lanez
143,"Breakin' Dishes
Rihanna",38,129.0,9,353211,Breakin' Dishes,Rihanna
144,"butterflies.
Brent Faiyaz",144,,1,352511,butterflies.,Brent Faiyaz
145,"Aperture
Harry Styles",2,67.0,5,350766,Aperture,Harry Styles
146,"DON'T KILL THE PARTY (feat. Quavo & Juicy J)
Ty Dolla $ign, Quavo, Juicy J",81,152.0,9,350371,DON'T KILL THE PARTY (feat. Quavo & Juicy J),"Ty Dolla $ign, Quavo, Juicy J"
147,"Kryptonite
3 Doors Down",84,119.0,3,349763,Kryptonite,3 Doors Down
148,"greedy
Tate McRae",2,161.0,9,348704,greedy,Tate McRae
149,"Carry You Home
Alex Warren",46,169.0,8,345484,Carry You Home,Alex Warren
150,"Don't Stop Believin' (2022 Remaster)
Journey",41,166.0,9,345034,Don't Stop Believin' (2022 Remaster),Journey
151,"Purple Rain
Prince",31,145.0,8,344432,Purple Rain,Prince
152,"ATM
Don Toliver",24,112.0,5,341801,ATM,Don Toliver
153,"Soda Pop
Saja Boys, Andrew Choi, Neckwav, Danny Chung, KEVIN WOO, samUIL Lee, KPop Demon Hunters Cast",2,132.0,36,341327,Soda Pop,"Saja Boys, Andrew Choi, Neckwav, Danny Chung, KEVIN WOO, samUIL Lee, KPop Demon Hunters Cast"
154,"The Way I Are
Timbaland, Keri Hilson, D.O.E.",104,153.0,9,340040,The Way I Are,"Timbaland, Keri Hilson, D.O.E."
155,"NOKIA
Drake",1,146.0,9,340006,NOKIA,Drake
156,"Not Like Us
Kendrick Lamar",1,137.0,5,338948,Not Like Us,Kendrick Lamar
157,"Too Sweet
Hozier",1,164.0,9,337540,Too Sweet,Hozier
158,"Dandelion
Ella Langley",99,143.0,2,336654,Dandelion,Ella Langley
159,"S&M
Rihanna",86,157.0,3,336234,S&M,Rihanna
160,"Piano Man
Billy Joel",111,183.0,9,336111,Piano Man,Billy Joel
161,"Dracula - JENNIE Remix
Tame Impala, JENNIE",161,,1,334319,Dracula - JENNIE Remix,"Tame Impala, JENNIE"
162,"Bring Me To Life
Evanescence",147,167.0,8,334105,Bring Me To Life,Evanescence
163,"The Door
Teddy Swims",62,186.0,9,331087,The Door,Teddy Swims
164,"Two Six
J. Cole",24,89.0,3,330183,Two Six,J. Cole
165,"Messy
Lola Young",6,135.0,9,329620,Messy,Lola Young
166,"Sienna
The Marías",71,180.0,9,328433,Sienna,The Marías
167,"Let Down
Radiohead",68,187.0,9,328381,Let Down,Radiohead
168,"Say Why
Zach Bryan",28,185.0,7,326508,Say Why,Zach Bryan
169,"Birds & the Bees
Baby Keem",169,,1,326277,Birds & the Bees,Baby Keem
170,"Just the Way You Are
Bruno Mars",63,130.0,7,325508,Just the Way You Are,Bruno Mars
171,"The Hardest Part
Olivia Dean",124,148.0,8,325364,The Hardest Part,Olivia Dean
172,"From The Start
Laufey",65,181.0,2,324357,From The Start,Laufey
173,"Time of Our Lives
Pitbull, Ne-Yo",115,195.0,2,323717,Time of Our Lives,"Pitbull, Ne-Yo"
174,"Nights
Frank Ocean",174,,1,322546,Nights,Frank Ocean
175,"Danza Kuduro
Don Omar, Lucenzo",59,134.0,3,321889,Danza Kuduro,"Don Omar, Lucenzo"
176,"Northern Attitude
Noah Kahan",22,140.0,5,321576,Northern Attitude,Noah Kahan
177,"Flashing Lights
Kanye West, Dwele",84,154.0,9,321497,Flashing Lights,"Kanye West, Dwele"
178,"Indigo (feat. Avery Anna)
Sam Barber, Avery Anna",19,,1,321495,Indigo (feat. Avery Anna),"Sam Barber, Avery Anna"
179,"Animal I Have Become
Three Days Grace",151,192.0,8,321421,Animal I Have Become,Three Days Grace
180,"Without Me
Eminem",37,182.0,2,319926,Without Me,Eminem
181,"The Market
Casper TNG, 100Bandplan",181,,1,319377,The Market,"Casper TNG, 100Bandplan"
182,"Yeah! (feat. Lil Jon & Ludacris)
USHER, Lil Jon, Ludacris",25,178.0,9,318904,Yeah! (feat. Lil Jon & Ludacris),"USHER, Lil Jon, Ludacris"
183,"Les
Childish Gambino",174,174.0,2,317786,Les,Childish Gambino
184,"Starboy
The Weeknd, Daft Punk",1,156.0,9,317723,Starboy,"The Weeknd, Daft Punk"
185,"The Night We Met
Lord Huron",56,179.0,2,316950,The Night We Met,Lord Huron
186,"Counting Stars
OneRepublic",95,168.0,9,316930,Counting Stars,OneRepublic
187,"I've Seen It
Olivia Dean",112,160.0,4,316294,I've Seen It,Olivia Dean
188,"One Of The Girls (with JENNIE, Lily Rose Depp)
The Weeknd, JENNIE, Lily-Rose Depp",12,163.0,9,316161,"One Of The Girls (with JENNIE, Lily Rose Depp)","The Weeknd, JENNIE, Lily-Rose Depp"
189,"Africa
TOTO",117,,1,315802,Africa,TOTO
190,"Heartless
Kanye West",37,172.0,8,315716,Heartless,Kanye West
191,"Billie Jean
Michael Jackson",75,196.0,2,315334,Billie Jean,Michael Jackson
192,"I Hate Everything About You
Three Days Grace",142,,1,315219,I Hate Everything About You,Three Days Grace
193,"Clean Baby Sleep White Noise (Loopable)
Dream Supplier",108,189.0,2,314457,Clean Baby Sleep White Noise (Loopable),Dream Supplier
194,"Backup Plan (feat. Luke Combs)
Bailey Zimmerman, Luke Combs",50,191.0,2,313850,Backup Plan (feat. Luke Combs),"Bailey Zimmerman, Luke Combs"
195,"Earrings
Malcolm Todd",195,,1,313633,Earrings,Malcolm Todd
196,"Dive
Olivia Dean",121,151.0,9,313101,Dive,Olivia Dean
197,"Under the Bridge
Red Hot Chili Peppers",122,,1,312175,Under the Bridge,Red Hot Chili Peppers
198,"Temperature
Sean Paul",77,,1,311929,Temperature,Sean Paul
199,"Hotel California - 2013 Remaster
Eagles",102,,1,309186,Hotel California - 2013 Remaster,Eagles
200,"Unforgettable
French Montana, Swae Lee",1,193.0,9,307084,Unforgettable,"French Montana, Swae Lee"
